ID,Lat,Lon,Target,B1,B2,B3,B4,B5,B6,B7,B8,B8A,B9,B11,B12
ID_SJ098E7S2SY9,34.16249093,70.76366828,0,922.25,1241.0,1703.25,2074.75,2405.25,2523.5,2635.5,2619.25,2749.25,2727.5,3537.25,3294.5
ID_I5DS1NLN2WM8,34.25143465,70.35956155,1,1230.5,1588.0,2074.75,2212.75,2549.25,3161.875,3489.75,3413.125,3564.625,3577.875,3331.75,2594.125
ID_JBRO8Z453K1J,34.26577617,70.34610331,1,1089.125,1564.375,2031.75,2344.375,2781.125,2883.125,3067.75,3070.75,3127.5,3240.5,3640.5,3153.875
ID_GYHRWRLEY9W3,34.2926256,70.34585617,0,1290.5,1477.75,2010.75,2442.0,2680.5,2759.625,2842.375,2885.5,2916.25,3012.5,3725.375,3449.875
ID_LLW4ZVLCTH7Y,34.30324556,70.3669421,0,1596.625,1803.375,2258.375,2533.0,2808.875,2781.875,2848.5,2773.25,2848.875,2951.5,3310.25,3066.25
ID_OVT4MUGA4Z22,34.11910992,70.75303683,0,1149.25,1737.5,2399.0,2900.5,3004.75,3118.75,3225.0,3338.0,3243.75,2980.25,3904.25,3590.25
ID_Z8Q7G6Y40XAW,34.08759212,70.69004889,1,408.5,882.75,1219.0,1422.0,1962.75,2960.5,3237.0,3123.5,3375.0,3367.5,2745.0,2268.25
ID_TMPFO6LITM9U,34.290535,70.42178679,1,1233.0,1837.75,2353.0,2592.5,2819.25,2911.375,3028.0,3048.375,3033.625,3132.875,3592.875,3287.25
ID_A14I5NDAO8F7,34.29785995,70.37267792,0,738.75,664.625,1017.75,1157.625,1385.625,2613.0,3088.875,2952.0,3209.875,3321.625,2259.75,1649.125
ID_Z79AVIRGE3E1,34.06032782,70.67200584,0,1226.25,1119.0,1596.5,1892.75,2507.0,2909.5,3075.25,2968.0,3186.5,3173.25,3598.0,2980.25
ID_XJAAMVGW5WRD,34.29816388,70.3838412,1,206.875,490.125,858.875,826.5,1291.25,2793.875,3496.75,3656.75,3637.625,3791.5,2014.375,1379.625
ID_QPA2ZDG5PY1Q,34.28828518,70.34004569,0,1186.25,1565.375,2122.5,2531.375,2940.5,3070.0,3167.875,3055.125,3237.125,3285.125,3908.125,3551.375
ID_6D13XY27TWND,34.05544997,70.66789003,0,734.25,781.0,1230.5,1438.5,2040.75,2878.0,3168.25,3162.25,3272.0,3219.25,3220.75,2585.0
ID_225U8617WSMV,34.28343731,70.41526401,1,1165.5,1594.25,2072.375,2359.5,2589.75,2732.75,2867.375,2896.625,2906.75,2942.625,3553.125,3244.875
ID_3I9MVT5RFLMD,34.26070679,70.32226743,0,1404.25,1878.75,2397.0,2754.25,2941.75,2960.875,3055.0,3127.875,3108.375,3073.0,3864.625,3477.5
ID_ZS04D4TH0VOK,34.29350273,70.39832917,1,748.625,981.25,1483.5,1777.375,1964.25,2597.75,2849.25,3073.75,3035.25,3046.125,2951.5,2336.25
ID_VEJVIZMW7UKA,34.09326866,70.66235889,1,547.0,414.25,807.25,739.0,1054.5,3118.0,3902.0,4017.75,4034.0,3445.75,2099.0,1331.75
ID_0SF4RCN504DQ,34.24440986,70.31629921,0,811.25,1475.5,1684.5,1982.0,2145.75,2466.25,2695.0,2787.5,2796.0,3052.0,3040.5,2601.75
ID_453BYQRUDLDH,34.25022234,70.33514029,1,274.375,181.375,628.75,330.125,1062.375,3665.125,4556.5,5315.375,4805.125,4192.125,2042.125,1054.5
ID_5TSI3J199GYJ,34.26373295,70.34816968,1,406.125,535.5,959.625,902.125,1621.875,3210.125,3593.5,3649.375,3773.625,3702.0,2416.625,1750.375
ID_9UBU78S4KY2A,34.25899866,70.33512191,0,834.0,1191.5,1593.25,1749.625,2112.5,2504.25,2678.875,2768.375,2806.5,3347.875,2937.875,2489.5
ID_BZX6I8Y6G1T9,34.09144959,70.7531659,0,924.0,237.5,645.5,507.5,1135.75,2922.25,3557.5,3773.25,3675.75,3297.75,2100.75,1372.5
ID_Q1IW96RP307O,34.30222921,70.40841074,1,362.125,218.25,611.5,522.25,1256.625,3088.25,3779.0,3988.0,3815.0,3765.75,2136.125,1383.0
ID_VEQSIZ7OH0UQ,34.05803047,70.67193146,1,526.5,466.75,842.5,899.25,1764.25,2677.0,2993.75,3175.5,3102.0,3011.75,2754.25,2194.25
ID_W51I0PT12GTA,34.2724922,70.34944908,1,830.875,1094.25,1593.25,1819.125,2391.75,3138.75,3445.125,3527.5,3566.375,3654.125,3212.25,2469.0
ID_MICXEFLUWVJ9,34.16855323,70.77184251,1,753.25,1047.5,1634.5,2036.5,2553.75,2866.25,3068.0,3156.25,3189.25,3205.0,3559.75,3056.5
ID_07TOMJZX2GTF,34.08938649,70.6624717,0,1127.25,2266.0,2943.25,3437.0,3400.75,3555.5,3742.0,4050.0,3825.25,3668.25,4175.75,3658.0
ID_B9AM66XND0FN,34.25080661,70.30936596,0,1497.25,1899.75,2479.75,2964.25,3171.625,3180.625,3241.5,3301.5,3295.875,3243.0,4037.25,3642.375
ID_GDW55JLGOSR8,34.25062489,70.32877306,0,1002.875,1158.375,1522.5,1640.875,1767.25,1754.125,1819.625,1983.25,1903.125,2008.375,2275.625,1847.5
ID_NQVMMMQWSTT2,34.05752673,70.66577259,1,284.5,530.25,925.75,936.25,1462.25,2492.25,2860.25,2696.25,2921.0,3267.25,2442.75,1805.75
ID_W5HP021GO32T,34.29005486,70.39170132,0,697.75,1332.0,1792.5,2111.0,2058.375,2571.375,2823.25,2782.5,2906.0,3215.375,2933.375,2453.75
ID_7RLPAEJ707V4,34.08490793,70.69804161,0,1470.5,1691.0,2235.0,2635.75,2998.75,3231.5,3327.5,3229.75,3417.75,3429.75,4095.5,3604.75
ID_MN34V10JQVS1,34.07579714,70.70378069,1,175.0,146.75,489.0,365.5,994.5,2754.25,3460.0,3570.0,3569.5,3490.75,1779.5,1103.5
ID_DW7QE3RP9GME,34.11242887,70.70178663,1,571.0,496.25,912.25,938.75,1631.25,2833.5,3222.75,3121.0,3345.5,3232.0,2653.5,1960.5
ID_T1LQL39UVG4H,34.304373,70.40820406,1,262.875,1108.125,1591.75,1679.625,1925.125,2784.125,3104.375,3200.75,3146.0,3719.75,2697.5,2038.375
ID_VX1IWA5TYFM0,34.16602375,70.76606068,0,1060.75,1707.5,2246.5,2760.5,2904.0,2957.25,3136.5,3069.25,3125.0,3118.5,3827.25,3560.25
ID_FPN17DMBCL95,34.16641546,70.76472294,0,1075.75,1412.0,1954.5,2313.75,2543.75,2668.25,2740.0,2870.0,2861.25,2906.25,3558.75,3318.5
ID_5S0CZORFPT6R,34.31244128,70.39498042,1,268.875,727.5,1170.25,1294.5,1797.75,2763.75,3195.375,3208.125,3371.375,3580.875,2445.25,1761.625
ID_398VW7G6ZW53,34.28878906,70.39314721,0,510.625,237.0,610.75,508.125,1185.875,2910.125,3466.25,4182.875,3650.125,3416.0,2293.625,1570.125
ID_N6N5ABKXPJFV,34.15840381,70.75647051,0,897.0,1159.0,1624.0,2040.0,2389.75,2555.0,2709.5,2807.75,2824.75,2852.75,3540.0,3174.75
ID_ABBZKATSYRUH,34.07723128,70.6852708,1,397.75,252.75,622.75,465.25,1083.0,2878.0,3483.0,3493.25,3596.5,3194.25,1872.0,1132.25
ID_OFGG0CNP892R,34.11786562,70.69319607,0,904.5,1196.5,1693.5,1970.75,2282.5,2627.75,2807.75,2793.75,2884.0,3284.5,3368.25,2939.25
ID_TGZ33NWZ2JHV,34.26774716,70.3570029,1,687.75,719.625,1158.0,1209.75,1704.25,3281.25,3854.875,4027.0,4081.125,3900.875,2718.125,1850.0
ID_5GJC7MQTZ1KT,34.28030475,70.34815082,1,440.625,472.625,953.875,755.75,1610.5,3644.375,4153.5,4917.125,4354.25,3913.25,2205.125,1360.625
ID_DL4IBT6O05JW,34.26129209,70.36203125,0,721.625,1340.625,1742.625,1868.375,2244.5,2828.875,3102.875,3156.375,3160.75,3349.25,3027.375,2495.125
ID_KQ02QVG2WMZ2,34.29308345,70.41548415,0,1553.5,1943.5,2396.375,2717.875,2951.75,2946.375,3025.625,3025.125,3031.875,3082.5,3615.75,3226.625
ID_TF3SJFKQH7I6,34.28322704,70.41091444,1,944.0,1191.75,1698.0,1996.375,2353.0,2723.625,2894.125,2985.625,3000.125,2995.75,3361.125,2844.375
ID_WEV30JNH2RPI,34.26382795,70.3276102,0,1202.375,1615.25,2060.5,2246.75,2782.875,2976.75,3168.75,3182.125,3203.25,3209.0,3630.125,3241.375
ID_7GRZNHKE7IJF,34.07858233,70.70216658,0,1203.5,1386.0,1858.5,2186.25,1946.75,3111.25,3497.25,3586.5,3705.0,3333.0,3128.5,2457.75
ID_9J1O2CG9YU32,34.27253068,70.32864003,0,1333.75,1571.0,2061.375,2429.5,2805.75,2897.25,2982.5,3011.25,3083.875,3112.5,3885.875,3421.375
ID_G6NENAHYI1D2,34.29075962,70.42782673,0,1632.75,1796.0,2265.5,2468.75,2662.625,2695.0,2777.875,2776.5,2804.75,2958.75,3523.0,3308.625
ID_T4D44YZII61T,34.24684026,70.31050314,1,307.375,438.5,837.625,680.5,1180.625,2996.625,3634.75,3459.25,3759.5,4122.25,1798.0,1088.875
ID_IC1DM6OS6JFG,34.25326185,70.32533508,0,402.125,298.0,733.25,471.125,1277.625,3494.125,4115.625,4056.5,4155.875,3710.75,2130.625,1241.5
ID_5VD45GGRCXJZ,34.26847576,70.33555096,0,512.0,561.25,985.375,946.125,1488.5,2936.875,3564.125,3924.875,3694.375,3467.75,2404.125,1694.125
ID_XQN47BKKO2YE,34.26518758,70.35299978,1,1017.375,1234.0,1716.5,1781.375,1751.125,3206.25,3659.375,3071.25,3688.375,3551.375,2883.875,2186.625
ID_B1TVXPQ587U0,34.28920775,70.41851151,0,1464.5,1810.25,2322.75,2598.25,3060.75,3108.75,3207.875,2995.25,3264.5,3281.5,3829.0,3459.625
ID_01RYTK0DUR6S,34.10733529,70.70506958,0,869.75,960.25,1378.25,1715.75,1983.75,2681.0,2911.25,2924.0,3079.75,3132.25,2978.0,2352.5
ID_TDO0P642C9A8,34.27004727,70.34003981,1,568.5,683.0,1115.625,1078.625,2046.125,3440.75,3941.875,4178.5,4070.625,3792.375,2742.5,1944.75
ID_BBM351E97EST,34.30016428,70.37195706,0,1586.625,1946.25,2459.375,2838.5,3186.75,3197.875,3263.5,3201.875,3276.75,3256.0,3935.125,3495.5
ID_G1L2I2I8Y7J4,34.1116378,70.70235279,1,528.75,433.5,851.25,783.5,1565.25,2974.5,3405.0,3628.75,3572.5,3607.75,2444.25,1695.75
ID_I8MQ59FSAQ8H,34.09045368,70.66662666,0,1883.5,1748.0,2222.5,2587.25,2795.75,2916.25,3011.75,3048.5,3125.25,3535.5,3893.25,3487.25
ID_VT71847SW1WL,34.27137775,70.33419989,1,425.625,350.0,770.75,801.75,1469.625,2915.5,3549.5,3798.375,3790.875,3689.125,2218.0,1389.25
ID_ISLFQ0IHKHTJ,34.15911516,70.76631324,1,806.5,1034.0,1535.25,1941.0,2301.5,2555.5,2729.25,2973.25,2866.5,2942.0,3448.75,3029.0
ID_XYG23TIQD5OS,34.11698945,70.6838472,1,517.0,174.5,560.5,459.5,1464.0,3034.25,3507.0,3680.0,3680.0,3445.75,2515.0,1783.0
ID_0D98OU4IVO4X,34.30766227,70.38500858,1,336.875,199.0,543.875,507.875,1434.875,2869.25,3609.0,3900.0,3728.5,3809.0,2293.25,1571.625
ID_W0HFHTJDPRZP,34.30467031,70.39275112,0,682.0,2013.0,2378.75,2601.875,2374.75,3093.875,3388.0,3325.75,3458.875,3463.25,3136.75,2646.875
ID_WELWG8GTSEXW,34.29039045,70.36890816,1,807.25,1110.0,1686.75,1953.0,2056.5,3199.25,3510.75,3408.0,3592.25,3523.0,2648.75,1961.0
ID_5GVJND93L30M,34.09013992,70.75635172,0,1046.5,1301.0,1779.25,2115.75,2562.25,2740.5,2858.5,2791.0,2980.0,3072.5,3673.0,3183.0
ID_VI44MP0F1S7V,34.09043276,70.75208022,0,824.75,608.25,1039.0,1125.75,1468.25,2764.75,3087.25,3076.5,3290.0,3311.0,2502.75,1848.25
ID_TKTSRD4YFSXN,34.11128591,70.69763152,0,77.5,63.5,382.25,261.5,841.0,2595.0,3371.25,2951.5,3528.75,3667.0,1663.25,985.0
ID_6KWK81655YE8,34.12032226,70.70958021,0,711.0,1197.0,1627.0,1962.5,2172.5,2419.5,2532.75,2657.25,2656.75,2821.5,3143.25,2896.25
ID_7XMG5MMFKM44,34.15540655,70.75971684,1,849.75,1344.0,1864.0,2265.0,2507.25,2643.75,2788.75,2859.75,2885.0,2979.25,3383.5,2999.5
ID_HSTFGR1X3YMP,34.29518383,70.38350365,1,791.625,1179.0,1629.75,1853.375,2255.875,2667.75,2864.625,2988.0,2978.5,3190.375,3090.375,2505.875
ID_27SANU941YP6,34.28642155,70.41457491,1,930.25,1215.25,1712.5,1998.625,2389.25,2773.625,2910.25,3011.625,3022.125,3020.625,3487.375,3037.875
ID_N9I1486UASHS,34.12727804,70.71458939,0,507.25,666.5,1119.25,1142.0,1833.0,2823.5,3160.5,3728.5,3327.75,3148.0,2745.5,2201.0
ID_QICZPO0OGBWE,34.31293136,70.38651572,1,574.125,1014.125,1553.625,1520.125,2130.0,3414.125,3782.875,3983.25,3932.25,3744.75,2853.75,2111.75
ID_7GN3UKXDT6O2,34.2577691,70.32481085,1,457.375,578.25,1017.0,794.125,1573.5,3558.0,4021.125,4299.75,4160.0,3701.125,2069.625,1304.75
ID_F3ACZQ5E711S,34.28748412,70.35424273,0,1678.625,2070.625,2563.5,2969.5,2983.5,3053.375,3125.375,3291.375,3125.375,3168.375,3641.5,3169.625
ID_19UP7EHYCG58,34.28836427,70.41676839,1,711.25,973.0,1497.25,1864.5,2217.75,2732.625,2923.0,2985.625,3063.75,3070.625,3205.25,2593.875
ID_YP5M1J53UR8F,34.24195752,70.30982252,0,502.0,699.5,1214.5,1220.5,2006.5,2622.75,2971.25,3325.75,2954.5,3115.5,2829.5,2349.5
ID_XO7YE35BU495,34.29036114,70.41090174,1,980.0,1284.25,1740.625,2015.75,2390.125,2634.625,2804.25,2810.875,2889.5,3017.75,3326.125,2844.5
ID_5S4U177HD7DI,34.27900684,70.33333182,1,830.25,712.375,1200.875,1446.625,1917.5,2965.125,3486.25,3587.5,3654.0,3799.375,2783.625,1944.125
ID_AA12BIE43Z96,34.26907693,70.34431123,1,931.375,1643.375,2196.5,2472.75,2707.75,3074.375,3259.625,3375.625,3361.875,3513.5,3447.875,2853.75
ID_IQ6JT7L37LU8,34.28437323,70.33002421,0,1375.125,1604.875,2148.0,2539.75,2789.875,2831.125,2961.25,2941.125,3006.25,2947.25,3716.125,3292.125
ID_KK80ZWM3X41Y,34.29495048,70.39461039,1,1054.875,1191.75,1654.375,1963.375,2357.875,2479.875,2608.75,2701.875,2710.375,2732.625,3316.625,2930.25
ID_YTTBDEUD2QAD,34.29718559,70.42630539,0,1237.0,1898.75,2352.5,2598.375,2796.5,2903.125,2972.625,3083.75,2999.25,2936.25,3551.5,3275.0
ID_B587X25ZZ4VB,34.29178308,70.4150013,1,1137.875,1656.125,2137.75,2456.125,2713.375,2821.0,2936.5,2941.375,3008.25,3234.0,3626.5,3198.5
ID_AB00BJB7WXYH,34.16966905,70.77140555,0,713.5,1289.5,1765.75,2148.75,2370.5,2730.75,2926.0,2950.25,3052.75,3127.5,3475.75,3069.25
ID_61JCX0D2S8IY,34.12968302,70.74447242,0,750.25,1045.5,1506.75,1784.25,2142.5,2514.5,2670.0,2589.5,2774.0,3137.5,3211.5,2729.5
ID_1EYOAHQBBADI,34.25835985,70.36595467,1,272.375,293.875,812.25,522.875,1333.875,3692.125,4328.5,4407.875,4450.625,4219.375,2208.0,1322.375
ID_B1KWYEPKWT8L,34.29268919,70.42869186,0,1537.375,1798.5,2268.625,2483.625,2730.75,2750.0,2818.5,2841.625,2867.5,2899.0,3718.25,3530.25
ID_QJIKUEX8TLPY,34.10170348,70.6995065,0,588.25,1108.0,1592.5,1819.0,2094.5,2760.5,3009.75,3106.0,3125.25,3085.5,3100.25,2498.75
ID_USHDSZASYNRK,34.29138712,70.37107598,1,148.0,266.0,678.25,595.25,1319.375,3069.25,3715.5,4142.75,3897.625,3977.125,2030.125,1208.125
ID_O1HONIVPLM2L,34.30353659,70.41465131,1,327.75,190.875,570.25,610.75,1439.0,2667.0,3091.375,3298.875,3258.375,3336.375,2349.625,1609.875
ID_EWVWRSH7U7E0,34.09899664,70.69142848,1,652.75,396.5,805.5,719.75,1342.0,2882.75,3315.75,3447.0,3492.75,2942.25,2220.0,1478.0
ID_0XMMBHK6AO2M,34.05897985,70.66114512,0,877.5,777.0,1215.0,1394.75,1953.5,2752.0,2980.25,2869.75,3108.25,3134.25,2920.0,2430.75
ID_3RH8RGA4HSU2,34.05801969,70.66834237,1,491.5,943.0,1380.5,1462.25,1897.5,2781.25,3032.25,3174.25,3194.75,3199.25,2869.25,2177.75
ID_PD3IS4LJ4JDR,34.29498087,70.40733357,0,1679.0,1831.0,2221.625,2509.25,2697.875,2703.0,2766.625,2840.25,2809.125,2932.125,3458.375,3102.25
ID_PVEABF13OS14,34.26349392,70.37044516,1,737.875,1144.75,1653.625,1954.125,2126.625,2840.875,3233.375,3349.125,3359.75,3673.375,3008.0,2292.75
ID_D32W76LXQWBB,34.30718692,70.37711248,1,1012.625,1600.125,2044.25,2298.5,2411.625,2667.25,2826.625,2888.0,2869.875,2864.625,3007.75,2628.125
ID_JNOGQWD0O91J,34.30105475,70.386232,1,81.25,185.875,510.375,451.625,903.125,2620.5,3486.75,3600.25,3731.75,3827.875,1572.625,877.875
ID_PAIQJVIU4ZCE,34.14601269,70.7485289,1,571.25,1037.75,1509.25,1737.25,2083.75,2690.5,2878.0,3010.0,3031.25,3075.75,3125.75,2668.0
ID_A8IZNECA8HPH,34.08152766,70.68803573,1,136.0,135.5,404.5,303.75,855.75,2755.0,3648.75,3848.25,3831.5,3732.5,1702.75,993.5
ID_VW8646NOUKMY,34.2591707,70.35821462,0,646.0,961.875,1282.625,1451.25,1886.125,2735.0,3065.0,3105.625,3152.25,3497.125,2752.875,2261.625
ID_I9EO41EYCG4G,34.24315599,70.31554406,0,546.5,1651.5,2169.0,2328.75,2427.25,2783.75,3021.5,3047.75,3111.0,3375.25,3244.25,2775.75
ID_90RVOZ6YCD9T,34.24912818,70.323058,0,791.75,459.125,807.625,851.5,1512.625,2478.75,2812.5,3260.0,2976.0,3119.125,2484.875,1897.625
ID_ZG9ME3ORN4WE,34.12052019,70.7076544,0,870.75,1409.5,1981.0,2351.5,2678.0,2923.25,3100.75,3299.5,3256.25,3282.25,3847.0,3337.5
ID_SIRERY7796WH,34.26872715,70.35922676,1,420.75,1096.75,1552.25,1619.125,1902.75,3085.25,3547.75,3349.625,3648.875,3718.875,2668.75,1936.5
ID_6XV3CU2DPDTP,34.2554888,70.32998813,0,1602.5,1840.0,2310.75,2674.375,3201.75,3163.875,3332.5,3101.25,3365.125,3395.375,3993.75,3571.125
ID_L3X7Y11LRA9Q,34.09123509,70.74882364,0,903.0,1113.0,1559.5,1909.25,2192.0,2429.0,2601.5,2722.5,2731.5,2930.75,3598.0,3152.5
ID_KRFMHYEIDSPQ,34.10464725,70.70412043,0,736.25,1506.25,1984.5,2270.75,2379.75,2768.5,2975.5,3014.0,3042.75,2535.5,3268.75,2792.75
ID_31YDU21TJHFO,34.08906984,70.69456486,0,1232.75,1609.25,2262.25,2728.75,3031.75,3215.0,3406.0,3390.5,3416.75,3275.75,3932.5,3470.75
ID_UGQ4P2JUH0ZQ,34.30680603,70.38161414,0,567.75,1592.375,2053.25,2398.875,2607.625,2877.375,3005.0,3153.125,3105.875,3395.125,3472.75,2956.125
ID_YI2DRW8CWYTV,34.12983832,70.71911797,1,157.75,177.0,528.25,410.75,1082.75,2709.75,3349.25,3444.0,3452.5,3610.75,1867.0,1162.75
ID_AJ0ZQ0BWNQDJ,34.06435782,70.66220171,0,494.5,765.0,1171.5,1324.25,1664.0,2882.25,3253.25,3093.0,3351.0,3000.0,2669.0,2046.5
ID_BXAEGEVNM7Z5,34.30021188,70.3887482,0,432.875,679.125,1149.625,1120.875,1873.875,2913.875,3207.625,3207.375,3381.25,3389.125,2561.875,1895.0
ID_8ZQTO2RAXWK9,34.29604281,70.42770336,1,1289.5,1901.0,2574.75,2913.75,3096.5,3186.875,3319.75,3414.125,3281.75,2954.625,3876.125,3592.5
ID_NJ7TR0UIRLXI,34.29660097,70.39944339,1,662.625,481.625,882.125,898.5,1527.5,2722.375,3231.25,3451.75,3437.25,3270.875,2414.625,1633.125
ID_MO9PX9RZ01XK,34.17091154,70.77545191,1,912.0,1548.0,2105.5,2510.5,2956.5,3160.75,3297.5,3235.5,3366.75,3197.0,3951.5,3643.0
ID_LVRJASAC5NFP,34.30736337,70.3955146,0,1029.5,1643.75,2029.625,2333.5,2375.25,2769.125,3000.125,3294.875,3185.125,3128.375,3221.25,2682.75
ID_4C2O3QKE652D,34.28258596,70.40072344,1,770.25,321.625,676.5,661.875,1541.0,2922.125,3479.625,4045.875,3573.125,3259.625,2578.125,1889.125
ID_A1F1OYZ0CR7Y,34.10621338,70.7045454,0,919.0,1495.25,2058.0,2346.25,2683.0,2937.0,3078.5,3099.0,3122.0,3214.75,3588.25,3177.5
ID_KYBQXUVXQHTA,34.25989846,70.36863354,1,204.875,273.375,646.375,625.0,1197.5,3247.625,3959.0,3856.375,4235.375,3992.75,2131.5,1287.0
ID_4R1GBOG7F02P,34.09888999,70.69268748,1,183.75,434.25,871.75,674.75,1286.25,3018.75,3561.25,3840.25,3681.75,3619.75,1964.75,1206.25
ID_84HXMQPKTJXQ,34.30520793,70.38798813,1,316.75,162.375,470.25,341.625,881.25,2963.5,3987.25,4073.375,4238.375,3981.0,1680.375,951.875
ID_1S7BBUA8DTTQ,34.26866122,70.35381277,1,1232.0,925.125,1377.375,1564.125,1897.375,2782.75,3174.75,3339.75,3362.5,3243.125,2806.0,2091.625
ID_SR1610J23RXZ,34.27748495,70.34672574,0,346.875,521.875,955.375,899.125,1430.25,3287.0,3934.25,4034.5,4161.875,4067.25,2269.875,1421.375
ID_4W4KAW692AS2,34.09267426,70.7584305,0,1056.75,1182.5,1576.0,1882.75,2213.0,2347.25,2441.5,2378.0,2474.75,2760.5,3237.5,2880.75
ID_2MDCZ40BHNSB,34.07993288,70.69026615,1,527.5,588.25,1088.5,1110.75,1829.5,3059.25,3494.75,3748.0,3636.0,3470.75,2749.5,2065.5
ID_XGCHI0QINRR2,34.11913606,70.69333487,1,339.0,285.75,679.25,649.0,1472.75,3104.75,3650.75,3953.0,3820.75,3750.75,2624.0,1767.25
ID_LCU8PB4N0LVN,34.09252058,70.75387151,1,14.25,58.75,395.0,246.25,935.5,3080.0,3873.25,3854.75,4005.0,3830.5,1775.0,1059.5
ID_CZKDZ6JHYMP4,34.29089624,70.39394106,1,567.875,1081.875,1476.625,1715.0,2141.5,2667.25,2866.875,2843.75,2976.0,3386.875,2988.125,2501.0
ID_7Z40LLJAFZ00,34.08181834,70.69665843,1,1427.25,1820.5,2462.0,2872.0,3337.0,3639.0,3780.25,3827.0,3830.0,3822.75,4278.5,3628.5
ID_LT6B1I6DN74Z,34.264893,70.33371323,0,681.75,1523.75,2192.0,2316.25,2338.0,2876.5,3128.75,3285.0,3208.75,3214.25,3118.875,2699.125
ID_0O9IXHXP6W50,34.29270082,70.36551715,1,1015.75,633.25,1138.375,1231.375,1697.875,2772.0,3200.5,3409.75,3374.25,3335.5,2566.875,1919.0
ID_S9FDBGGIZC2H,34.28970829,70.41687464,1,1198.875,1540.875,2084.0,2361.5,2652.0,2862.25,2983.5,3112.375,3056.25,3208.875,3570.875,3171.125
ID_B3JRB3R30YL8,34.2665699,70.33002391,1,440.625,253.625,680.25,578.0,1438.5,3113.875,3725.375,3966.625,3928.25,3896.875,2158.25,1371.875
ID_THFLD6H0G21T,34.26453919,70.36640568,0,1261.75,1811.25,2240.75,2613.75,2681.0,2669.75,2745.125,2880.0,2807.25,3133.0,3345.625,2963.75
ID_TJZFLT7QJMC7,34.30126638,70.39345406,1,237.875,607.5,1009.5,961.75,1332.5,2671.875,3233.875,3104.125,3368.0,3459.375,2090.625,1358.0
ID_A9TJTX66XQSG,34.16530999,70.76418241,1,880.0,908.75,1396.5,1784.0,2437.75,2820.75,3031.0,3157.5,3222.25,3256.25,3495.75,2848.75
ID_Y7S21PIT1FOS,34.28432088,70.41332169,1,709.875,874.375,1397.0,1511.25,2139.625,2919.875,3193.375,3501.375,3363.75,3264.625,3121.5,2486.5
ID_4C8HMB30MJIB,34.24378466,70.30037392,0,1766.5,2107.5,2649.5,3143.75,3632.25,3668.5,3780.5,3632.0,3766.25,3923.5,4413.0,3981.25
ID_9V9JROSJ9MM4,34.08279402,70.68887948,1,420.0,898.5,1355.0,1511.5,2123.0,2714.75,2904.0,3011.0,3021.75,3331.25,2776.75,2264.75
ID_G3U6M5H54UXM,34.29256115,70.43146586,0,1554.0,1970.25,2466.0,2714.75,2874.5,2914.875,2999.0,3026.5,2986.625,3039.375,3628.875,3403.5
ID_MKK43JNFC42S,34.30628575,70.39096087,1,603.75,1427.125,1792.25,1977.25,1822.375,3175.875,3555.5,3256.0,3640.125,3593.375,2594.75,1880.5
ID_KZX10YRRPFQ2,34.28429498,70.41821376,1,1120.125,1497.5,1967.75,2336.875,2686.625,2959.125,3101.0,3068.0,3195.125,3255.375,3632.875,3168.125
ID_S6Q0OLMNEJ9V,34.25109915,70.34426477,0,644.0,1230.75,1727.625,1891.5,2281.375,2673.125,2871.25,3065.0,2966.0,3154.875,3108.125,2694.25
ID_X0I8DW9ZQHPY,34.15512428,70.7574672,0,898.5,1089.0,1568.75,1922.75,2177.25,2365.25,2483.75,2598.5,2635.5,2714.75,3444.75,3151.25
ID_AGMVF8S9GKTV,34.29562046,70.41263232,0,925.0,1987.625,2423.75,2645.25,2443.5,3092.5,3277.625,3337.625,3362.125,3404.75,3318.625,2767.25
ID_EOZOYTUE4PTC,34.05531528,70.6693958,0,1086.0,1198.0,1728.75,2019.25,2481.5,2956.0,3116.5,3248.0,3235.75,3404.75,3749.25,3209.5
ID_1VG8RI95H9T1,34.05437555,70.66649405,0,678.0,1030.0,1574.0,1917.0,2167.75,2770.25,2884.0,3029.25,3116.25,3153.25,3234.25,2747.75
ID_TV5TSED9LGL8,34.13151436,70.7133555,0,641.0,606.5,1016.25,1139.0,1785.75,2807.25,3121.0,3177.5,3331.25,3202.5,2915.25,2256.75
ID_06BV9BGMEJ9D,34.08166173,70.70187219,0,2626.0,5194.0,5324.0,5462.0,4084.0,5084.0,5393.0,6334.5,5349.75,4994.0,4112.0,2991.0
ID_Y02KW78T1MSC,34.11907907,70.7562348,0,841.75,1567.5,2168.0,2376.0,2779.25,3281.5,3467.75,3449.0,3536.5,3474.75,3565.75,3067.5
ID_7S6N6RWBL25X,34.25444237,70.34979868,1,587.25,562.625,982.5,888.625,1316.0,2951.875,3480.75,3353.5,3689.875,3587.0,2329.0,1586.875
ID_KNAKZV7SZ2GI,34.26100847,70.34100325,1,546.125,409.375,857.875,700.5,1511.75,3298.0,3776.5,4045.625,3891.125,3931.875,2304.875,1535.75
ID_DDZYRA60EBIC,34.27800803,70.34826326,0,825.5,1581.75,1999.625,2318.25,2567.25,2701.625,2848.0,2763.625,2911.375,3537.75,3368.25,2882.875
ID_7TBQ9F6ANT4H,34.28245695,70.41618035,1,987.5,1288.875,1801.75,2141.75,2400.125,2600.125,2738.5,2785.875,2819.0,2835.75,3414.375,3050.625
ID_7BR1I073QEZ2,34.12533868,70.73856201,0,1092.75,1373.5,1886.5,2271.0,2541.75,2661.25,2746.5,2806.0,2845.25,2897.0,3680.5,3316.25
ID_LH3TRH66RJNA,34.11644237,70.68619581,0,541.25,1173.0,1621.75,1807.5,2162.5,2575.5,2676.0,2770.75,2747.5,3294.25,3238.5,2807.75
ID_WI9BJXNUVVVJ,34.30077626,70.40652493,1,785.375,664.25,1099.375,1070.0,1689.0,3167.75,3532.625,3656.5,3688.5,3382.375,2648.5,1939.5
ID_WASJCJQPH101,34.08957119,70.6584281,1,139.5,72.25,369.0,243.25,870.0,2805.75,3475.25,3156.25,3587.25,3692.25,1769.5,997.5
ID_QHBMANMQPREC,34.25254092,70.31789525,1,394.875,668.375,1118.0,1001.75,1592.5,2976.625,3345.875,3338.25,3383.125,4057.5,2201.375,1520.25
ID_1XNW5PWHESVU,34.28615934,70.39997662,1,834.5,1133.375,1592.5,1851.375,2133.0,2692.375,2885.625,2861.75,3018.375,2988.75,3038.625,2574.125
ID_JIGQAR40H0YP,34.2642695,70.3565737,1,692.25,314.875,671.0,643.125,1526.625,2867.75,3543.5,3990.625,3667.5,3514.375,2439.125,1722.0
ID_9F6HQLKDBBCW,34.12124876,70.71294909,0,1164.25,1503.75,2123.25,2522.75,2707.25,2929.75,3018.0,3066.75,3088.75,3068.0,3613.25,3270.0
ID_I4KHK6Y6KDFY,34.27864291,70.32972096,0,1481.5,1987.75,2544.25,2989.375,3244.125,3274.875,3344.0,3421.375,3366.625,3182.25,4192.875,3842.375
ID_WVFJY6X3CSXS,34.26380094,70.35832091,1,301.125,414.25,839.875,757.5,1250.125,3192.0,3877.75,3582.625,4078.75,4087.875,2136.0,1321.75
ID_V582NH012WA8,34.29249735,70.3910207,0,1437.5,2438.5,2831.5,3057.625,3142.875,3016.25,3025.5,3070.0,2995.0,2854.125,3681.375,3498.625
ID_ZHMFRGK8ZYZX,34.30842679,70.38645559,1,693.125,196.375,644.125,497.625,1219.625,3290.5,3969.375,3978.0,4116.5,3560.25,2245.0,1412.875
ID_PIC5KT1B1QLP,34.27013033,70.35148256,0,1116.5,1847.75,2328.375,2591.25,2697.375,2884.0,2960.625,3004.875,3041.75,3035.625,3418.75,3087.125
ID_6NF7KLNUH5DU,34.08462909,70.68706187,1,65.5,135.75,446.5,319.75,861.25,2912.0,3773.5,3874.0,3942.5,3793.5,1682.75,923.75
ID_5SDY8K1CQJFX,34.24989042,70.33078732,1,423.0,627.125,1059.125,1055.0,1488.5,2828.375,3310.125,3235.75,3491.75,3345.75,2273.625,1545.0
ID_42JXTM6TL2HH,34.16085762,70.76212097,1,962.75,1246.75,1778.0,2148.5,2420.75,2590.0,2738.5,2798.0,2839.5,2936.0,3508.25,3095.0
ID_977NWSX8H95U,34.10283664,70.69160093,0,158.75,137.5,565.25,337.5,898.5,2764.5,3283.25,3207.25,3401.75,3530.0,1888.25,1103.25
ID_B8F33E7UM5YL,34.081523,70.69886627,0,1312.5,1895.0,2480.5,2958.75,3077.0,3312.0,3407.0,3579.25,3490.25,3199.0,4017.0,3535.5
ID_3UYQC3VP37VX,34.29602953,70.38097128,1,142.875,309.5,712.25,454.25,1135.5,3843.875,4694.25,4871.125,4709.375,4307.5,1967.5,1061.0
ID_NJVCQI6LZLLT,34.28327336,70.42684393,0,1376.375,1734.75,2207.875,2544.25,2674.375,2787.125,2877.625,2995.875,2907.75,2977.875,3475.5,3153.0
ID_SGTYWII6FPXV,34.2928223,70.40802,0,1734.125,2126.75,2583.5,2825.75,2952.25,2934.0,2997.625,3042.625,3021.875,2983.375,3591.75,3326.375
ID_UBCEP9JKKR3C,34.3061929,70.37072932,1,387.0,302.0,755.0,669.25,1357.25,2800.5,3234.25,3352.0,3434.0,3590.25,2044.75,1348.75
ID_D1NFOTF86MV2,34.2746759,70.34934289,0,1170.625,1504.5,1977.0,2263.25,2410.375,2692.875,2864.25,2599.625,2944.25,3174.125,3234.875,2796.25
ID_VDJ7RDIZ0GVR,34.24226775,70.31642297,1,215.75,222.0,528.25,424.0,950.5,2553.0,3255.0,3243.25,3418.25,3742.75,1737.75,1058.0
ID_8TPGJRN2S38X,34.12057584,70.75910009,1,578.75,253.0,621.5,583.0,1126.5,2607.0,3105.5,2974.0,3266.25,3277.5,1977.75,1323.75
ID_YQHCMAA5ZFWS,34.29855951,70.37940196,0,673.0,491.0,845.75,888.5,1248.625,3335.0,3920.125,3781.625,4064.875,3406.25,2392.75,1620.625
ID_LACUI1CIVQE3,34.266225,70.35631726,0,579.625,92.625,433.5,286.25,1135.875,3097.0,4107.5,4556.0,4143.25,3947.5,2322.125,1414.5
ID_VKA4TCB2C4QE,34.05891118,70.66630758,1,316.75,580.5,967.0,905.25,1396.5,2625.0,2979.5,3035.5,3104.0,3217.0,2276.75,1605.75
ID_5TJK3S2FXWGJ,34.08653055,70.69015502,0,620.75,1488.0,1792.5,2182.5,2411.75,2753.5,2974.75,2815.5,3051.75,3236.0,3141.5,2760.0
ID_G3MBBK2GN8HA,34.05537815,70.67442146,1,950.5,511.0,933.5,998.75,1824.5,2423.75,2623.5,2831.5,2726.25,2821.25,3057.75,2663.25
ID_7XB2G02AHPZP,34.2501881,70.32778285,0,1282.625,1979.25,2345.75,2512.0,2544.875,2528.375,2565.75,2627.875,2563.875,2232.375,3129.75,2801.375
ID_FUNQA2O629NJ,34.2663691,70.34951408,1,446.25,662.75,1139.75,1023.75,1581.0,3145.0,3307.5,3596.0,3515.75,3410.25,2140.25,1456.0
ID_N891V6PQ08U5,34.10758431,70.70671637,0,1011.75,1375.0,1927.75,2232.25,2506.0,2685.75,2806.25,2834.0,2882.75,2965.5,3474.75,3130.25
ID_P30IQ3RLKQOD,34.28479427,70.40311014,1,676.875,1012.125,1511.375,1662.0,2074.25,2648.625,2849.875,3020.75,2977.0,3039.875,3024.625,2482.25
ID_EYU12FP6UOFO,34.29806106,70.38105841,1,298.5,503.75,942.75,802.0,1353.5,3166.5,3798.875,3732.25,3924.875,3844.25,2227.375,1439.5
ID_B0VHWTPUJITS,34.05737364,70.67368245,1,490.5,456.25,877.0,909.75,1683.0,2686.5,2949.75,2967.25,3023.25,3040.25,2628.0,1973.25
ID_2M3R9EODLGS4,34.12211821,70.69597237,0,1003.75,1483.0,1974.5,2378.5,2582.5,2725.0,2845.75,2925.75,2926.25,3012.5,3825.5,3495.25
ID_6SB0JE6SHJ3L,34.30297412,70.41560677,1,497.5,849.25,1356.0,1391.5,1836.125,2902.75,3227.0,3151.75,3279.75,3416.375,2819.5,2180.625
ID_9CILZ9TGBH0T,34.29893735,70.37322218,1,79.375,250.75,645.125,558.25,1089.75,2850.875,3511.5,3628.5,3661.0,3555.875,1965.375,1212.875
ID_FHSW631M4N6O,34.29027174,70.42885686,0,1617.375,1981.0,2431.5,2643.375,2758.375,2779.75,2877.375,2934.0,2874.75,2883.125,3531.75,3304.0
ID_ZITFA0EJNEUQ,34.12790762,70.75925272,1,728.25,456.0,951.0,956.25,1645.5,2907.5,3324.75,3522.25,3339.0,3361.5,2597.75,1955.75
ID_F8OKGFOW3RG5,34.28273442,70.4033342,1,812.125,1008.0,1467.25,1782.125,2195.5,2642.625,2875.125,2799.5,2985.875,2963.0,3146.875,2605.25
ID_9W7U6HVV4ATO,34.05571088,70.6651257,0,430.75,834.0,1287.25,1473.5,1858.5,2670.25,3040.5,3090.25,3052.75,3258.75,2837.0,2415.25
ID_QHZUFA9TUBYU,34.10388815,70.69475723,1,330.25,394.0,844.5,749.75,1242.5,3099.5,3756.0,3611.0,3895.25,3808.75,2141.75,1338.5
ID_BU6G7UU67RZ9,34.29019851,70.39486779,1,805.25,1088.625,1571.875,1827.375,2178.75,2561.5,2757.875,2803.5,2879.875,2902.625,3008.375,2499.0
ID_9VZYXPCVYCV9,34.08613276,70.69520366,0,1420.5,1677.5,2244.5,2671.75,3264.75,3496.0,3557.5,3268.75,3628.0,3507.25,4097.0,3721.0
ID_8YSS6PROMXGT,34.10972348,70.70535783,0,1121.5,1610.5,2183.5,2576.25,2803.0,3007.5,3135.75,3230.5,3195.25,3448.0,3879.75,3373.25
ID_FJ6P26L0UFM2,34.11920328,70.75485172,0,948.0,1927.0,2579.5,2884.5,3298.75,3419.0,3512.5,3469.0,3543.25,3338.5,4104.0,3793.0
ID_WIVV3FC9UR2G,34.05966777,70.66318498,0,669.25,1136.5,1638.0,1992.0,2129.25,2662.5,2828.25,3017.75,3030.75,3127.75,3230.75,2791.75
ID_WMYWS7MZH87D,34.2686619,70.35210176,1,489.375,486.625,948.25,956.25,1460.5,3037.875,3591.875,3712.0,3793.75,3523.125,2313.0,1534.625
ID_NZR9VF6RQIJM,34.26255925,70.37221361,1,776.25,1157.5,1610.75,1962.5,2298.0,2847.0,3127.0,3243.25,3294.0,3507.125,3181.75,2491.875
ID_ZBJO86WI1GUK,34.25695047,70.35839643,0,715.875,1716.75,2158.25,2457.0,2665.375,3110.5,3321.75,3191.125,3512.0,3702.125,3472.375,2812.25
ID_IBP4H0SMTFSF,34.1541385,70.75888926,0,1132.0,1338.0,1817.5,2132.25,2403.5,2520.0,2634.0,2702.25,2749.5,2915.5,3626.25,3368.75
ID_HC2N17K8EQKR,34.29745221,70.42990804,1,1347.75,1699.0,2215.375,2600.875,2921.0,3012.375,3129.125,3104.875,3183.875,3214.0,3865.75,3553.0
ID_A5CWUD22SAN5,34.27005754,70.33410411,0,1090.25,1709.25,2160.375,2480.25,2560.75,2700.625,2799.75,2956.875,2895.875,3046.125,3514.375,3145.125
ID_VAMSOJ4CYQRT,34.07642894,70.69107683,0,787.0,1280.0,1804.75,1998.5,2412.5,2661.25,2789.0,2627.75,2770.0,2754.75,3010.0,2587.75
ID_LTQCRW9EV5WH,34.14078199,70.74978862,1,452.75,645.75,1071.75,1201.5,1706.0,2894.5,3318.75,3419.25,3519.75,3383.75,2592.5,1906.25
ID_397WUFK62O3K,34.1233411,70.71208702,1,462.0,467.0,900.5,895.5,1401.5,2990.75,3455.5,3419.75,3579.25,3368.5,2598.0,1824.75
ID_JBNE6SKLMZKP,34.10498638,70.69647276,1,455.5,601.5,1018.0,1020.5,1753.25,2941.5,3317.25,3481.0,3493.75,3565.25,2740.5,1955.5
ID_5WCHS8ORYR96,34.25287786,70.32133163,0,1193.75,1501.5,1952.0,2248.875,2651.5,2849.0,2988.625,2938.875,3091.75,3168.875,3643.375,3203.625
ID_X6C66ZFTRGGR,34.28264157,70.38449942,1,853.75,1522.25,2103.125,2388.75,2451.25,3110.5,3337.625,3036.125,3372.75,3399.125,3379.75,2932.75
ID_N0NDW4WP07G3,34.2811487,70.41305181,1,1026.5,1403.75,1937.5,2240.625,2512.0,2704.875,2842.25,3041.0,2939.0,2953.0,3468.75,3072.625
ID_MJKNX4B7CTKD,34.09408403,70.75666592,0,1071.0,1161.5,1634.5,1952.0,2250.25,2412.75,2549.0,2629.0,2697.5,2852.0,3554.25,3116.0
ID_VS67R41V7MWW,34.08246012,70.68476698,0,1048.25,1908.5,2275.0,2504.25,2509.25,2538.0,2632.5,2767.5,2664.5,2742.75,3295.75,3157.75
ID_OJPND0UHKZJT,34.2649011,70.35784562,0,633.125,724.0,1113.75,1205.25,1496.875,2621.375,3102.0,2952.0,3162.125,3419.875,2555.25,1995.875
ID_0WFSUTUVXSPF,34.27679174,70.34446278,1,452.375,652.25,1084.375,1020.375,1686.625,3263.375,3551.125,3239.125,3738.75,4126.0,2382.375,1630.0
ID_XEVFJJGJ5GVM,34.27967958,70.33247377,1,1025.125,1105.875,1657.875,2047.375,2531.0,3049.125,3262.625,3369.875,3432.875,3594.25,3454.125,2781.125
ID_OMQHS5RIACR1,34.24317874,70.30390067,1,110.75,368.5,775.0,620.75,1322.0,3223.75,3698.0,3628.25,3802.0,3753.75,1889.0,1113.0
ID_Y4G79G92Z32P,34.27110206,70.35483446,1,596.75,871.375,1365.5,1498.0,1838.125,2907.25,3261.25,3404.0,3397.75,3421.0,2731.625,1958.5
ID_BOOYHB38R6WL,34.28547034,70.4266858,1,808.125,1115.0,1556.0,1836.125,1962.25,2592.5,2771.125,2961.375,2918.875,2953.625,3014.125,2550.5
ID_0UOKF3J7DE4K,34.30396475,70.37827016,1,132.0,259.625,647.25,671.125,1345.5,2448.25,2930.125,3018.5,3089.0,3477.625,2036.875,1321.875
ID_0UPU3EOZMQMA,34.26884823,70.3510082,0,934.5,855.375,1261.75,1486.5,2262.75,2707.875,2931.0,3054.0,3037.75,3037.0,3267.0,2795.375
ID_QIO5YK010C2B,34.28754161,70.36516893,0,339.125,67.875,389.0,307.375,1092.25,2940.875,3582.125,3765.5,3776.25,3853.375,2065.0,1277.875
ID_3KVZM9GGNILC,34.30260308,70.40015527,0,1717.625,2207.75,2625.75,2892.75,2930.75,3196.125,3299.625,3176.5,3319.75,3259.75,3844.625,3449.125
ID_ZTPER4F6X49X,34.1026096,70.69411834,1,388.5,785.0,1269.5,1350.0,2024.0,3253.25,3614.25,3650.0,3796.5,3604.0,3036.0,2230.0
ID_5EDSR8JNKFN1,34.3117041,70.39649232,0,502.0,863.5,1271.5,1336.0,2031.625,2854.375,3140.625,3300.875,3255.375,3314.25,2948.25,2430.375
ID_HGTSM3SUOWOY,34.29469778,70.41759674,0,1649.625,1994.25,2493.375,2777.75,3029.75,3085.25,3147.625,3160.0,3208.375,3325.5,3727.625,3347.375
ID_KPR2EXPIZPEX,34.30104946,70.37643165,0,409.0,1160.25,1615.625,1670.25,1969.125,3070.375,3417.25,3340.75,3592.875,3658.625,2874.0,2301.25
ID_VETI66YG9PK7,34.12077987,70.69384823,0,900.25,1115.5,1707.5,2077.75,2577.0,2979.75,3147.0,3141.75,3179.5,3102.0,3511.5,3080.5
ID_84T5EB5EG8VL,34.30529668,70.39933509,0,559.125,1218.0,1680.25,1808.5,1775.625,2803.125,3192.25,3374.125,3335.375,3394.5,2555.875,1904.125
ID_I3S6UERI4CVX,34.24167166,70.31094936,1,384.75,290.75,706.0,431.25,1129.5,3150.25,3719.5,4038.25,3763.75,3504.25,2092.75,1251.75
ID_34AYAB1LEVW2,34.08538734,70.6912668,1,533.75,342.75,667.0,602.75,1252.25,2892.0,3469.25,3624.0,3599.5,3319.25,2171.75,1531.5
ID_QWC2Z6LGH1XD,34.29026289,70.37353562,1,182.0,116.5,437.0,303.5,1206.875,2976.25,3781.75,4230.5,3981.5,3987.125,2191.125,1415.125
ID_Q4HMFRQPX9C7,34.10218392,70.70060661,0,338.25,718.75,1181.5,1296.5,1830.0,2405.0,2629.0,2658.5,2694.5,2939.75,2567.25,2023.25
ID_NY499KLMSBQU,34.29550718,70.41609237,0,1730.875,2390.5,2849.75,3146.0,3331.375,3372.75,3454.75,3370.5,3426.125,3407.625,3791.0,3409.5
ID_9VW7VCSOMGHV,34.2555935,70.33198207,1,610.0,305.125,616.875,597.375,1322.25,2899.125,3507.125,3668.625,3597.75,3667.75,2168.0,1507.5
ID_IA0HWG6J9UPP,34.07909524,70.71177743,1,134.5,145.25,459.0,298.25,974.0,2658.5,3194.25,3380.25,3296.0,3463.0,1702.25,1046.25
ID_INDUL05ZKDV7,34.12007119,70.68275342,0,893.5,1012.0,1584.25,1675.25,2204.25,3228.0,3494.25,3672.25,3573.0,3364.5,3432.25,2716.25
ID_WCBHP14BIDGK,34.30208739,70.41214109,0,592.5,396.875,779.75,831.625,1429.875,2868.625,3332.875,3600.375,3551.125,3558.125,2573.75,1843.875
ID_EHEVAAG5OVYD,34.29534687,70.40341353,1,1085.375,1174.625,1679.625,1942.0,2387.0,2614.875,2802.625,2740.375,2895.625,2933.0,3404.75,2954.5
ID_OLQJXWHJXXBI,34.24935224,70.30547262,0,1496.25,1809.25,2307.75,2697.25,2815.375,2823.875,2878.25,2976.75,2940.125,3053.875,3656.375,3305.5
ID_PLG96AG0W25H,34.07983356,70.70838649,0,468.75,950.25,1367.0,1547.0,2083.75,2773.5,2982.75,3250.0,3088.0,3154.5,2839.25,2410.75
ID_FTVG593ESV7J,34.16602943,70.77148668,1,753.75,1397.0,1944.0,2223.75,2621.75,3088.25,3248.0,3339.0,3315.5,3151.75,3505.25,3083.75
ID_9MK8TZTNFPMW,34.25579557,70.35174526,0,815.25,1565.25,1940.25,2223.25,2521.75,2745.5,2881.75,2826.0,2956.625,3187.625,3257.75,2953.0
ID_GUF0SUN8R0AX,34.10338219,70.70370289,0,728.75,894.75,1315.5,1496.75,1778.5,2011.5,2095.5,2085.0,2118.75,2179.25,2730.25,2408.75
ID_JBFTN6GD5D66,34.1731694,70.77218754,0,928.5,1276.0,1791.0,2109.25,2383.0,2650.25,2788.75,2936.25,2913.5,2752.5,3400.25,3042.0
ID_E58V7AAL5SXZ,34.16202446,70.76237605,0,825.75,1134.5,1614.75,2026.0,2378.75,2551.25,2681.0,2718.5,2779.5,2710.5,3466.0,3181.0
ID_3TXXF6824U60,34.29352519,70.42682118,0,1608.0,1757.75,2208.5,2395.5,2623.0,2653.75,2713.875,2705.75,2710.75,2824.625,3202.125,2959.75
ID_89W2TPXQV4GF,34.29853421,70.38972872,1,717.125,802.625,1291.875,1285.875,1767.75,2662.5,2980.0,3251.75,3020.375,3305.625,2600.125,1978.75
ID_FDHS3Y6YIR1C,34.30712957,70.3796555,1,1231.0,1259.875,1788.25,1986.5,2360.625,2590.625,2716.125,2758.75,2812.875,2905.125,3053.875,2645.125
ID_PC2YKKTPD6CH,34.29051993,70.40713331,0,1427.625,1826.25,2246.625,2539.5,2648.5,2632.5,2719.75,2779.625,2763.375,2772.125,3372.125,3072.375
ID_LG2WATALLKN6,34.26180491,70.36023888,0,988.875,1464.0,1942.875,2139.625,2545.375,2908.875,3074.625,3269.25,3163.75,3133.875,3314.25,2922.5
ID_RMCE9D7IYTAE,34.28686794,70.34099577,0,1010.375,1549.0,2050.0,2444.75,2465.375,2949.125,3102.0,3090.875,3162.375,3189.375,3409.75,3029.375
ID_0J6C9UOYGZ7M,34.30152294,70.40080268,1,630.375,1313.25,1788.75,2184.25,2514.375,2703.375,2881.375,2976.5,3012.75,3330.875,3403.375,2870.75
ID_1S2K2LTVAHM6,34.11975211,70.7539169,0,720.5,1321.0,1817.25,2141.75,2461.25,2665.5,2770.75,2879.5,2854.5,3254.0,3430.25,3058.25
ID_HFMHA8YD8Y2X,34.14500236,70.75133445,0,1042.0,1645.5,2151.0,2598.75,2617.0,2630.0,2762.75,2958.5,2851.75,2933.25,3601.0,3412.5
ID_QA1I9O27BBD5,34.30132475,70.42416045,1,558.875,902.125,1436.75,1731.125,2063.0,2859.0,3174.625,3426.0,3400.375,3510.375,3068.75,2291.625
ID_OJ8J05J2NDVS,34.05667514,70.66142031,0,614.75,680.75,1102.25,1182.0,1866.75,2544.25,2787.75,2540.5,2817.0,3087.0,2879.25,2300.0
ID_LQ227VHHYQAY,34.29606061,70.36995579,0,1399.0,1677.5,2214.125,2626.75,2961.625,3059.25,3174.875,3164.75,3222.5,3345.875,4002.5,3592.375
ID_HG77TH9IASHK,34.2870228,70.33767397,1,765.5,967.875,1551.375,1960.125,2477.75,2970.125,3220.375,3147.875,3342.5,3469.25,3422.375,2761.125
ID_2BAPSQCW7CVR,34.29150844,70.40821889,0,1531.875,1634.75,2051.5,2382.25,2610.0,2652.625,2749.875,2694.875,2823.875,2991.0,3468.25,3129.625
ID_0YTEIUA7FS6V,34.0931037,70.75165057,1,398.75,280.0,716.25,731.0,1384.25,2614.25,3093.5,3285.25,3270.75,3470.5,2193.25,1524.25
ID_DZ0ASIZIIPFI,34.3122807,70.38906799,1,230.625,692.0,1162.75,1337.25,1600.75,2698.5,3173.75,3224.125,3374.125,3576.625,2281.5,1532.25
ID_DAIGFK3AT6SK,34.29479237,70.39973823,1,925.375,1420.75,1912.75,2252.125,2490.5,2703.125,2863.0,2955.875,2975.125,2989.75,3512.125,3041.875
ID_6YQYMF69AM0P,34.09716053,70.75051432,1,735.0,380.25,787.5,797.0,1422.25,2882.25,3514.0,3683.0,3751.75,3419.75,2479.0,1656.25
ID_Z0FMR5D6IW5I,34.2830683,70.34381125,1,882.125,1352.5,1910.0,2170.125,2722.25,3205.75,3438.5,3514.5,3575.625,3535.375,3540.0,2861.5
ID_THUM4VQJD2WE,34.24600587,70.29788732,0,1581.5,2159.5,2725.75,3137.75,3276.25,3306.0,3412.25,3544.0,3424.25,3274.0,3986.5,3666.5
ID_D7LQANIDQBRP,34.26662926,70.36835074,0,1714.625,2295.25,2720.0,2990.0,3054.25,3007.625,3057.375,3128.0,3087.125,3114.5,3693.875,3359.0
ID_Y462DG9G355B,34.09280972,70.66773005,1,1168.0,1151.75,1733.25,1996.0,2268.75,3110.0,3327.25,3404.75,3466.5,3491.0,3192.75,2599.5
ID_1SHU6WUR7OQD,34.09857832,70.69616206,0,1278.75,1314.5,1789.5,2131.75,2572.25,2704.0,2831.75,2632.75,2871.25,2984.25,3603.25,3207.25
ID_F41TFOL8PF88,34.28415824,70.34923252,1,470.875,885.875,1409.25,1538.125,2102.375,3069.625,3307.875,3386.75,3487.5,3526.75,2956.5,2255.625
ID_2NAL788ZSLC3,34.25527557,70.35743387,1,858.625,1187.0,1768.75,1835.5,2520.375,3247.25,3445.5,3879.625,3574.25,3693.0,3200.0,2474.875
ID_6O40E83GVRSG,34.09735861,70.75529491,0,1196.0,1816.0,2285.0,2499.75,2141.0,2489.75,2497.5,2804.75,2614.25,3022.5,3141.75,2767.75
ID_HPX4ZCC7YCS1,34.29604347,70.4212875,0,1695.625,2027.25,2561.25,2935.625,3180.5,3219.875,3291.375,3232.25,3322.5,3295.0,3896.25,3541.75
ID_RCI9OPKUU9K2,34.12480963,70.68735325,1,445.0,198.5,624.25,505.25,1168.75,2821.5,3342.25,3634.0,3455.5,3337.75,2243.0,1549.5
ID_4JCWXGVL735R,34.11019473,70.70703704,0,789.75,1460.75,2032.75,2372.5,2727.75,3026.0,3203.25,3195.0,3289.25,3340.5,3717.0,3245.0
ID_OF8ANXERJOMZ,34.09333668,70.75731312,0,1125.0,1412.5,1948.0,2369.0,2736.5,2901.25,3051.0,3119.25,3093.25,3014.25,3773.0,3316.0
ID_RTAIZ246LB87,34.27082169,70.34268469,1,781.0,309.125,608.25,673.375,1618.125,2458.375,2673.375,2542.5,2840.5,3294.875,2409.5,1823.75
ID_I5WGZ9UTOCJQ,34.26849307,70.34987415,1,1065.375,992.375,1489.25,1642.875,2128.375,2989.5,3379.125,3495.625,3547.625,3541.125,3076.375,2370.5
ID_YIXDLKPWC4FB,34.28347829,70.34237767,1,804.25,1109.5,1638.125,1868.5,2386.375,2981.0,3250.0,3360.125,3407.75,3422.875,3385.625,2713.25
ID_FTZXRVIWFK2E,34.281846,70.3420682,0,938.5,1813.5,2393.0,2812.0,2827.125,3075.875,3211.5,3389.0,3344.0,3194.875,3647.625,3149.625
ID_9EU0DH7XCXQJ,34.12124216,70.75769217,0,450.0,1367.0,1918.0,2281.5,2056.0,2795.5,3024.5,3096.5,3170.5,3287.25,2986.5,2464.5
ID_0EFVK1SGR2SJ,34.12012097,70.68869916,0,302.0,589.75,1062.75,1108.75,1537.5,2656.25,3026.25,3085.5,3120.5,3292.75,2613.75,1894.75
ID_6WYCFMB4OXHU,34.2781947,70.32845328,0,1487.125,1395.5,1937.375,2330.0,2597.5,2720.625,2824.375,2846.75,2872.125,3086.875,3567.75,3120.5
ID_0UIRWBPQGYJN,34.29320987,70.3419697,0,1159.125,1545.125,2077.0,2571.75,2731.875,2730.625,2835.625,2867.125,2840.5,2830.625,3692.5,3531.75
ID_00MJRGGCU6WE,34.14171912,70.75385026,0,627.0,1217.0,1726.25,2034.0,2332.5,2835.75,3104.75,3007.0,3204.25,3122.5,3232.25,2721.25
ID_GVPWK2O7UPM4,34.26256666,70.33833261,0,1541.625,2114.75,2637.0,2962.875,2813.375,2781.5,2850.875,3152.5,2924.375,3014.375,3439.0,3117.375
ID_CZ9C033YKQPQ,34.27150445,70.34795236,1,796.375,1567.25,2124.0,2260.625,2815.875,3399.25,3656.0,3767.125,3739.875,3769.25,3523.125,2881.5
ID_457173Z6182K,34.24441158,70.29785947,0,1609.25,1933.0,2443.5,2737.5,3008.75,3029.0,3096.0,3004.0,3138.5,3105.0,3752.25,3457.5
ID_F8BV89TZJ33W,34.30926578,70.39092916,1,276.25,206.75,577.25,500.25,1154.625,2630.25,3317.875,3438.0,3524.125,3612.5,1854.375,1149.5
ID_6P6XU02WLLFH,34.06263393,70.66422228,1,234.75,251.5,643.0,506.5,1022.75,2698.75,3229.5,3245.0,3332.5,3447.75,1768.25,1078.5
ID_0J55X8JBK9RF,34.25759386,70.35742601,0,602.75,1620.0,1909.0,2217.0,2122.5,2852.375,3248.75,3180.625,3307.375,3439.125,2979.375,2404.125
ID_60K7SKOGNGNP,34.2977152,70.41296804,1,608.875,566.0,1082.125,1116.25,1922.0,3007.375,3406.5,3654.125,3508.5,3223.875,2805.5,2056.375
ID_YOP9PVE96EMA,34.28677609,70.3345845,0,964.0,1293.625,1809.875,2270.875,2516.0,2810.875,2970.0,3009.625,3043.75,3201.625,3664.0,3191.125
ID_PYCR05IA2YVN,34.29612479,70.39554111,1,1489.5,1310.125,1818.0,2148.25,2510.0,2613.75,2743.25,2780.0,2831.125,2924.375,3518.625,3142.75
ID_J3GNSGW4EM5S,34.29573995,70.36658904,0,1342.125,1615.0,2105.375,2531.875,2769.375,2825.375,2895.0,2908.25,2950.875,2949.25,3640.0,3240.0
ID_MBTQ2UE1BPOL,34.23918434,70.29861094,1,227.25,91.0,443.0,280.25,868.75,3017.5,4042.5,4189.0,4177.0,3966.75,1675.25,985.75
ID_TSJHODO5F07C,34.29258498,70.37183501,1,406.25,715.75,1152.125,1314.375,1870.75,2823.0,3224.625,3384.0,3400.625,3399.5,2871.75,2069.875
ID_96J5XW6OWECO,34.28664526,70.36941253,1,692.625,848.5,1356.75,1353.5,2062.625,3465.5,3817.625,3610.125,3856.75,3530.125,2797.5,2203.75
ID_ISQVJW9ATJQ3,34.2489507,70.31293549,1,462.75,199.75,499.0,369.375,864.625,3100.25,4203.125,4270.0,4313.5,3704.75,1632.125,915.0
ID_IU71LWOGFPFR,34.28579703,70.3757329,1,802.75,504.75,866.5,921.625,1630.375,2738.875,3237.0,3441.375,3394.625,3262.625,2619.625,1900.375
ID_2HCP6WLQIRQ6,34.08948823,70.69684896,0,1353.5,1802.5,2432.5,2875.0,3238.75,3289.75,3376.25,3365.25,3425.5,3238.25,4090.75,3707.25
ID_ZHUCM7DVXYX5,34.08219851,70.70610503,0,1615.75,2056.5,2654.0,3154.25,3432.5,3492.25,3575.75,3643.0,3651.5,3617.75,4470.75,4031.25
ID_GZIZMPT4FI0Q,34.16203701,70.76630245,1,350.5,533.5,1002.5,1369.0,1952.5,2617.75,2961.0,3155.0,3244.75,3266.75,2892.0,2120.25
ID_NF3FVY8MP322,34.26905012,70.36065098,1,283.5,556.875,911.5,866.625,1530.5,2967.125,3455.0,3928.125,3606.5,3754.75,2495.5,1755.875
ID_ZUBD7JBTTH59,34.23797395,70.29871054,0,1679.0,2138.5,2872.5,3489.25,3841.25,3897.5,3965.75,3823.0,3953.5,3928.5,4525.5,4115.5
ID_TKKR9GB7POPT,34.07887041,70.6931875,0,963.0,1375.5,1961.25,2349.25,2570.25,2856.5,2979.5,2993.25,3019.0,3080.0,3482.25,3030.25
ID_1K25M2JRTT1Z,34.1529642,70.76213961,0,994.75,1390.5,1888.5,2221.0,2412.25,2537.25,2651.75,2740.5,2758.25,2762.75,3738.0,3591.5
ID_KYS0NKJWMYWM,34.2952054,70.39737316,1,901.0,1416.25,1883.5,2238.0,2257.25,2772.5,3038.25,2957.5,3200.5,3128.125,3276.875,2673.75
ID_4GKHHEF1BLUX,34.09045403,70.65787634,1,562.0,414.5,811.5,734.5,1314.0,2630.5,2954.5,3145.5,3080.25,3035.5,2233.0,1531.25
ID_BCIXULACS2IB,34.17375887,70.77621761,1,528.0,627.0,1136.0,1479.0,2074.0,2725.5,3048.75,3187.0,3237.0,3160.0,3164.0,2477.25
ID_TKOY18VGORC2,34.28399702,70.4261843,0,1294.25,1712.0,2186.5,2510.5,2655.375,2754.5,2835.75,2920.125,2869.125,2944.125,3396.5,3043.75
ID_7VG3PXFS02IU,34.26039589,70.32613052,0,900.125,1863.75,2332.5,2673.375,2558.875,2725.25,2840.875,3042.75,2902.875,3100.375,3290.625,2975.25
ID_SLUY55H6RBZZ,34.10043777,70.69671309,0,1504.0,1809.75,2375.5,2828.0,3211.0,3351.5,3480.0,3457.0,3555.0,3341.5,4216.25,3784.5
ID_QVFPH6UZNR5Q,34.08827172,70.66563535,0,1685.75,2234.5,2771.0,3148.5,3688.0,3754.25,3806.0,3696.0,3828.25,3801.25,4173.75,3804.0
ID_FYMC4NTREXUJ,34.08781642,70.66196827,0,1259.5,1869.5,2474.0,2847.5,3268.5,3191.25,3365.0,3191.5,3395.75,3537.25,3909.5,3578.25
ID_VXOZE3A9QFAJ,34.07865862,70.69594725,0,1358.25,1719.5,2291.0,2740.0,2992.0,3127.0,3213.25,3261.25,3272.5,3369.5,3978.75,3521.75
ID_6DSBWW18KX0K,34.28655719,70.33148399,0,1434.5,1710.75,2219.0,2617.25,2859.125,2899.625,3004.375,3017.75,3011.625,3015.0,3793.25,3450.625
ID_46ZXJKMEROXH,34.24684515,70.31812906,1,514.75,509.625,967.0,915.25,1420.375,2952.5,3412.25,3467.5,3462.875,3316.625,2065.0,1394.625
ID_6FP2ZN7ORO3O,34.09115361,70.69572359,0,1476.75,1926.0,2574.0,3093.5,3385.75,3461.75,3569.0,3623.0,3624.5,3521.0,4322.75,3816.25
ID_OOO2GTH1KB0X,34.11833033,70.75773264,1,57.5,51.75,396.0,302.5,840.25,2849.0,3870.25,3931.5,4039.75,3861.75,1774.25,1036.25
ID_VXTCXFC5EUII,34.1452918,70.75286085,0,903.75,1614.5,2112.75,2503.0,2647.75,2807.25,2899.5,3028.5,2992.25,3118.25,3762.0,3449.25
ID_ZCOC1XS3VNT8,34.23945879,70.31413011,1,320.75,312.5,713.75,574.0,1229.5,2999.25,3704.25,3217.75,3696.25,3794.25,1911.0,1119.25
ID_S15FASZ530NV,34.26585958,70.3412345,1,1064.125,1455.75,1925.5,2185.5,2484.5,3029.625,3257.25,3273.5,3408.5,3474.25,3333.0,2655.0
ID_WV4Y5CLCTAQG,34.28485291,70.40123883,1,446.625,73.25,492.375,308.5,927.5,3606.125,4541.625,4475.25,4697.875,3707.0,2205.25,1301.25
ID_Q039XZMWTLLN,34.25189983,70.31931124,1,447.125,821.25,1255.5,1293.75,1649.375,2991.0,3430.875,3395.625,3460.75,4224.75,2673.875,1971.75
ID_PH0AW4AKR5V5,34.24033472,70.31057213,0,952.5,1657.5,1969.0,2185.0,2375.0,2289.0,2415.25,2394.5,2403.25,2294.0,2906.5,2600.0
ID_ZM1B4NEGKIUG,34.0967067,70.75666236,0,1200.0,1601.5,2163.0,2479.75,2837.75,3021.0,3134.5,3160.25,3166.75,3116.25,3694.75,3268.75
ID_XET8K8AQW53C,34.27545538,70.33686483,0,740.125,1197.5,1647.875,2030.75,2325.25,2723.75,2950.75,2954.625,3090.75,3215.375,3335.625,2722.125
ID_DC2OH80ODACD,34.1436344,70.75657142,1,485.75,149.75,512.0,405.25,1048.75,3081.25,3728.0,3923.0,3853.25,3345.5,2324.5,1544.25
ID_3B6XBYOCLBL1,34.26219107,70.33583929,1,728.625,556.375,946.125,1054.0,1589.125,2775.0,3236.5,3449.5,3462.125,3325.125,2502.375,1824.125
ID_NPOVYKZ1N4TH,34.30392685,70.42319188,1,904.25,1262.5,1798.125,2164.625,2395.875,2624.75,2797.75,2882.5,2924.25,2960.625,3442.0,2964.5
ID_N9S9JU7VVP7O,34.25991024,70.36064753,0,424.5,149.25,547.5,425.125,1337.75,2940.0,3445.0,3826.5,3602.375,3651.5,2409.0,1673.25
ID_1KG93CLVR7GF,34.28244749,70.34010697,1,369.75,722.25,1150.25,1286.875,1978.5,3134.0,3501.75,3631.5,3717.75,3889.5,2718.5,2019.875
ID_EP9DO700AJMA,34.304079,70.40108156,0,2273.125,2526.0,2923.5,3112.875,3248.875,3109.25,3151.0,3115.5,3110.0,3134.5,3876.0,3700.0
ID_D7H1G66BWLYE,34.25149981,70.316454,1,172.625,166.25,440.5,285.875,844.125,3437.5,4643.75,4558.375,4721.5,4451.875,1623.0,837.75
ID_TTNE1JCO97BU,34.24440531,70.32328183,1,,,,,,,,,,,,
ID_KEFZXI71FIEF,34.13171976,70.74063794,0,687.0,810.25,1331.0,1401.0,2119.75,2812.5,3058.0,2962.5,3159.75,3498.75,3123.0,2627.75
ID_RREZ3XT9684C,34.28766657,70.34536265,0,1168.625,1362.25,1867.5,2313.75,2580.625,2764.375,2853.25,2937.0,2966.0,3002.125,3717.125,3335.875
ID_GIJ5OFONAW9L,34.29833329,70.42277352,0,726.5,1266.75,1765.5,2017.125,2521.5,2927.0,3111.75,3123.0,3245.25,3486.25,3430.25,2925.5
ID_VWI8PZPOCHR7,34.10334559,70.698514,0,757.25,733.75,1173.5,1201.75,2035.75,2947.0,3282.5,3535.0,3339.0,3154.5,2980.0,2491.25
ID_GASLS22DTQVM,34.2552068,70.32341954,1,156.375,174.75,521.75,381.375,1036.75,3033.5,3836.25,4130.625,4040.375,4015.375,1799.875,1013.625
ID_85B4MACWYFI8,34.28606546,70.34927337,0,520.375,1065.0,1526.75,1659.5,1915.25,2888.625,3121.125,3182.0,3236.875,3392.375,2715.5,1971.5
ID_4YCTD63SKOFH,34.08074805,70.70493269,0,1543.0,1792.5,2350.25,2789.25,3196.75,3298.0,3423.0,3344.75,3486.25,3619.0,4206.0,3772.75
ID_PV42FZ758NCZ,34.09440642,70.69130387,1,80.5,213.5,600.5,472.25,1325.75,2369.0,2478.0,2385.25,2769.0,3307.0,1965.5,1362.25
ID_1PA7YNFD8HVG,34.24578909,70.31966074,0,784.25,843.75,1293.25,1276.0,1811.0,2724.0,3045.75,2889.5,3131.5,2937.0,2552.75,1901.25
ID_0YCR89AUZH4L,34.08094044,70.69287505,0,660.5,791.75,1165.25,1292.0,1621.0,2908.0,3357.25,3536.5,3498.5,3397.75,2734.25,2055.75
ID_B3IOO12YSATL,34.28131254,70.40328543,1,726.0,1058.5,1529.75,1782.625,2166.25,2501.625,2660.25,2763.0,2754.375,2865.0,3100.25,2700.0
ID_IYMI33N8Y6TK,34.12121405,70.69519121,0,818.5,1295.5,1797.0,2154.5,2552.5,2760.25,2899.75,3050.75,3022.25,3401.0,3704.75,3254.0
ID_T2OB06WZ3ETL,34.24958156,70.31626609,1,380.25,636.125,1030.625,948.875,1283.5,3329.0,4080.375,3662.5,4177.125,4227.625,2028.375,1218.875
ID_RQYV03ZBXMHJ,34.30241818,70.40708979,1,419.375,509.125,944.375,866.75,1540.375,3223.625,3627.375,3789.5,3754.0,3749.125,2374.0,1604.625
ID_E90BQI387WNG,34.2949046,70.40930376,0,1632.0,2068.0,2574.25,2867.125,2989.25,2945.125,3006.25,3086.875,3041.0,3020.375,3721.75,3412.25
ID_UY65FYJ47JF4,34.29042973,70.40409015,1,945.125,1167.75,1663.5,1901.625,2367.125,2909.125,3134.0,3209.5,3276.875,3056.25,3208.625,2579.75
ID_GO3KFN2EVP8N,34.28486437,70.37251556,0,823.625,1435.75,1903.625,2155.75,2221.25,2800.875,3089.0,3027.5,3289.25,3214.5,3320.125,2724.75
ID_UWUHQ77WMSGE,34.30730164,70.41277834,0,1363.875,1936.5,2471.25,2783.75,2973.25,3000.5,3104.0,3125.5,3133.25,3092.5,3747.75,3436.875
ID_XYCITS3H762L,34.30367618,70.40509654,1,309.5,250.25,664.5,562.75,1224.125,3069.625,3620.0,3666.5,3865.625,3645.25,2165.375,1355.375
ID_H24XI1SSTEV2,34.28620796,70.33984125,1,462.625,684.0,1171.125,1170.75,1853.125,3081.375,3415.0,3425.125,3505.625,3600.375,2624.25,1900.125
ID_X4Y7OMF3MXBP,34.2888197,70.36841226,1,546.125,869.875,1240.625,1366.625,1479.5,2873.625,3357.375,3335.875,3494.625,3534.375,2516.0,1798.625
ID_NRKNRGRJSPKV,34.30439667,70.41346762,0,273.0,103.375,549.25,501.0,1364.5,3087.125,3742.25,4107.5,3924.125,3636.25,2403.25,1502.625
ID_IV5MUQHNINQA,34.30525769,70.37235744,1,1049.0,1883.75,2468.75,2733.25,2799.875,3114.0,3208.625,3445.625,3350.75,3133.875,3505.625,3116.125
ID_NOUB7DPHJWJ9,34.08299518,70.69157514,0,1183.75,1531.5,2139.0,2468.5,2768.25,2997.5,3095.75,3101.0,3130.5,3253.25,3626.25,3227.0
ID_QI97BXXP8LR0,34.29251315,70.4188235,0,1823.25,2087.125,2483.0,2703.125,2967.875,2964.875,3033.625,2919.125,3014.75,3007.25,3487.75,3167.625
ID_LJ9NSG4H9SO2,34.25954822,70.32174625,1,709.625,517.25,940.625,841.125,1604.375,3098.0,3507.0,3608.0,3631.875,3484.25,2359.875,1655.75
ID_OADA1T8T45Z5,34.268653,70.34800566,0,1357.75,1812.5,2306.5,2663.625,2811.625,3067.0,3161.375,3317.25,3252.25,3280.0,3567.25,3085.625
ID_YFQAG194QZVB,34.30929044,70.36840248,0,1617.5,1985.25,2465.75,2737.5,2976.25,3026.375,3132.75,3107.375,3127.5,3121.375,3621.5,3330.75
ID_A5QZG0MSVNAF,34.26660058,70.3391134,0,998.25,2048.75,2542.5,2806.25,2717.625,3055.75,3099.5,3330.625,3232.375,3334.875,3482.625,3034.125
ID_5S8Z17JHZLRK,34.14301193,70.74752292,1,652.25,757.75,1104.75,1113.0,1856.0,2805.75,3171.0,3430.0,3286.5,3064.0,2939.5,2464.5
ID_EJ315KRK6NXM,34.09201583,70.74973485,0,582.25,1241.25,1710.0,2030.0,2469.75,2891.75,3143.75,3004.0,3190.5,3238.75,3396.5,3021.25
ID_MG4VJHC1EBM3,34.07794681,70.70552781,1,490.25,836.5,1283.5,1478.5,2101.25,2632.5,2789.25,2806.0,2892.5,3061.25,2878.25,2441.0
ID_ZFRFU0RKXHUX,34.25244077,70.3389708,1,446.625,583.5,1054.0,907.0,1483.625,3413.875,4028.125,4037.125,4134.25,3938.0,2194.25,1433.0
ID_FONQUINQ5BAM,34.28385825,70.38233505,0,544.25,540.5,869.5,931.375,1337.25,2526.375,2977.75,2963.5,3072.375,3258.125,2414.5,1762.25
ID_KSO5G7NNLH34,34.23812961,70.31179929,1,204.25,431.5,867.75,580.5,1380.25,3858.0,4270.5,4684.0,4390.25,4134.0,1871.25,1048.0
ID_7O1SFF84N7I0,34.25925461,70.3658257,1,212.875,167.0,521.125,447.625,1150.625,3053.125,3952.25,4303.0,4133.625,4205.875,1951.25,1136.875
ID_QLEBSXLYHWD1,34.27412489,70.33708543,0,507.125,501.75,885.875,1007.625,1395.0,2661.5,2971.125,2824.5,3175.375,3289.75,2232.125,1568.125
ID_CCPIO5CN7U3E,34.30573171,70.41630948,1,800.5,1408.5,1956.75,2339.75,2621.125,2880.75,3032.5,3191.25,3160.25,3376.125,3580.125,3059.5
ID_01MH7OHC15AN,34.26655971,70.33675162,1,384.875,666.875,1104.0,1240.75,1761.75,2926.875,3557.875,3634.125,3694.5,3694.25,2445.625,1692.75
ID_Q4Y79W2AUC6J,34.2657326,70.36394265,1,343.25,364.0,768.375,684.0,1471.875,3141.25,3737.5,3622.25,3821.75,4075.625,2334.875,1513.625
ID_M7E264DYIP22,34.27938097,70.33846564,1,500.1666666666667,502.8333333333333,1024.8333333333333,895.0,1695.6666666666667,3051.6666666666665,3474.5,3897.3333333333335,3600.6666666666665,3723.8333333333335,2435.6666666666665,1654.5
ID_GYP2IJZXAXRK,34.24741423,70.30358005,0,1409.0,1632.75,2098.25,2491.75,2703.5,2786.0,2860.75,2925.25,2966.625,3098.875,3717.375,3360.0
ID_HHFL535Z82AA,34.11012837,70.7022327,1,741.75,632.75,1141.25,1147.5,1545.0,2927.5,3324.75,3788.25,3549.25,3340.25,2835.75,2098.5
ID_PN0EPOTPCRLE,34.25866903,70.34088348,1,454.375,646.75,1069.625,1069.5,1634.75,3107.125,3540.625,3303.25,3598.125,3835.75,2506.625,1766.5
ID_5S5FHDZQQHV5,34.25533229,70.3105521,0,1250.5,1405.5,1873.875,2292.375,2530.25,2583.875,2648.0,2700.75,2721.125,2905.5,3591.625,3277.625
ID_JR8874G9ZUES,34.26568386,70.33051637,1,340.75,393.125,816.25,622.25,1316.75,3568.0,4233.125,4110.625,4400.0,3809.125,2012.375,1176.0
ID_TRQ2F7U4HHLT,34.27646159,70.33601853,1,685.25,594.625,1009.875,1089.0,1917.375,2943.375,3297.375,3521.5,3512.875,3459.5,2753.625,2006.75
ID_M6NT8LSZ0120,34.29643452,70.37350249,1,251.625,255.75,608.125,592.0,1363.375,2940.5,3625.75,3854.0,3872.375,3842.875,2412.25,1647.125
ID_KBDGFP8MKLVM,34.12562306,70.68805715,1,514.25,890.0,1339.0,1533.25,1819.75,2927.25,3256.5,3162.75,3392.25,3260.25,3035.0,2419.25
ID_7ZZCM8D04TP8,34.11763149,70.68127499,0,969.0,968.75,1514.5,1746.25,2013.75,2538.75,2725.25,2794.0,2857.0,3240.5,3119.75,2670.75
ID_L981DGI8400S,34.24625968,70.31155736,0,656.5,1553.25,1823.5,2006.875,2187.0,2899.125,3136.875,2966.875,3289.125,3331.625,2849.25,2364.375
ID_2WAN47I5WQ0P,34.28944207,70.34984107,0,1891.0,2162.75,2520.0,2740.875,2999.25,2960.125,3040.375,2965.75,3049.625,3158.625,3585.5,3182.0
ID_KXLCJWLOXHE0,34.24997542,70.34991713,0,801.5,835.375,1355.5,1336.125,1983.375,2905.875,3155.375,3199.0,3222.125,3617.375,2765.375,2117.0
ID_5A0JOVYJZAKT,34.12991578,70.7370495,1,1163.0,591.25,1112.5,1135.25,2081.0,2948.5,3186.25,3429.0,3308.5,3201.25,2930.25,2429.0
ID_0WMK63H88457,34.29924151,70.42139123,1,495.25,575.5,1049.875,1008.875,1713.25,3244.75,3679.5,3956.0,3891.75,3732.0,2507.25,1748.5
ID_RVOQ3EVGT58Y,34.30105951,70.4037426,0,706.875,1419.75,1865.5,2189.5,2299.5,2649.75,2844.0,2907.0,2969.375,3416.0,3192.25,2748.0
ID_V0Y1KOE5MNVY,34.28460069,70.34469455,0,1243.125,1495.5,1970.75,2356.5,2584.5,2624.875,2709.125,2696.75,2747.875,2855.125,3556.0,3314.25
ID_9DDRJ28SCN8I,34.28223837,70.34937022,1,768.5,577.25,1067.125,1007.125,1781.25,3477.875,3918.375,4206.75,4143.125,3513.625,2939.5,2125.125
ID_FNR6KP30SSHQ,34.1202937,70.75627206,0,1016.75,1302.0,1817.25,2115.75,2514.0,2677.25,2780.0,2754.0,2914.0,2899.5,3507.5,3137.0
ID_DJBWQ4GFXQRA,34.05435658,70.66970533,0,1068.0,973.0,1445.5,1674.25,1897.5,2182.75,2312.5,2344.75,2422.5,3051.5,3322.25,3231.25
ID_N60AFC1QQR31,34.30574085,70.40527078,0,1464.125,1606.75,2086.125,2280.625,2641.75,2904.25,3064.75,3076.25,3148.25,3268.75,3454.0,3077.375
ID_W5CMM6P4RXDV,34.096775,70.69216198,1,49.25,184.75,539.5,389.75,947.75,3005.75,3584.0,4214.0,3727.75,3704.75,1862.25,1094.0
ID_PE4B20QK0ZDP,34.30124345,70.37382579,1,403.875,271.625,667.125,600.375,1295.5,2726.625,3295.5,3435.0,3486.875,3509.875,2106.375,1350.0
ID_2VXU4NBD5TWX,34.25716891,70.34353523,0,1709.375,2094.0,2548.25,2689.75,2944.875,2993.25,3065.375,3156.375,3074.625,3129.125,3522.625,3175.75
ID_8EBFZ5WAZWH4,34.29131609,70.37576594,1,844.375,1261.5,1634.0,1922.5,2322.625,2710.5,2916.25,2807.5,2971.375,3098.875,3052.5,2533.625
ID_G5JNGDA7O1X9,34.09853641,70.69411261,0,258.75,261.0,655.0,517.25,1160.5,2887.75,3397.0,3359.25,3599.25,3722.0,1990.5,1210.25
ID_H9FHLS4F3BDR,34.25840361,70.33316973,0,1418.0,1940.5,2436.25,2772.75,3082.625,3063.75,3183.0,3203.25,3216.125,3211.875,3858.5,3480.5
ID_SQ16V9FN8K3J,34.09529551,70.68986869,0,819.0,1406.25,1958.5,2256.0,2562.25,2956.75,3078.5,3032.25,3149.5,3117.0,3484.75,3062.75
ID_VHUD37O4H0AH,34.07773888,70.69737133,0,762.0,976.5,1506.5,1698.5,2073.75,2870.5,3160.5,3274.5,3300.0,3332.0,3241.0,2536.0
ID_Y7RGGURS18JG,34.26151147,70.33307128,1,133.625,369.0,727.0,654.375,1059.5,2946.375,3767.0,3821.0,4025.625,4168.625,1909.5,1120.75
ID_OCP63SCASDU0,34.28329143,70.39827916,1,696.375,506.25,830.625,937.625,1634.125,2573.375,2880.875,3195.125,3047.875,3081.25,2745.75,2277.25
ID_PN82JVHEA463,34.28576879,70.35203122,0,1128.25,1975.0,2483.0,2801.25,3064.625,3265.0,3373.625,3391.5,3421.875,3412.0,3739.25,3273.0
ID_K6EN56EVULXA,34.29998779,70.37450279,1,117.375,243.5,610.25,492.25,1025.875,3007.125,3672.75,3755.5,3881.0,4051.875,1996.0,1190.75
ID_VXLGHFTZVGGP,34.30631549,70.40148393,1,352.875,582.625,1089.125,984.0,1418.375,2734.125,3129.5,3550.0,3334.25,3667.75,2260.625,1586.875
ID_UYXD1W3SZMFL,34.28855396,70.41932122,1,867.25,1288.25,1779.5,2035.125,2307.75,2637.125,2787.75,2804.75,2892.75,2968.75,3281.25,2874.125
ID_48FJ3ZQDB723,34.29722264,70.40798036,1,1257.0,1958.25,2492.125,2837.625,2962.125,3152.75,3311.25,3416.5,3344.25,3372.5,3632.25,3193.0
ID_EEJCD0N1H5YI,34.12677047,70.68859448,1,550.75,452.25,884.75,1008.75,1780.25,2720.75,3042.5,3090.25,3187.75,3149.75,2937.75,2274.0
ID_CGO5IEPIBIU4,34.26860635,70.34605236,1,904.625,993.125,1380.625,1613.125,1880.75,2611.0,2912.25,2721.625,3052.0,3323.625,2803.5,2162.625
ID_XN5C0B9TYSN8,34.29490824,70.42481443,0,1767.375,2107.0,2577.5,2815.75,2884.625,2886.375,2948.5,3078.5,2970.375,3010.625,3622.875,3373.5
ID_1KY0SWDI6PIV,34.30223492,70.37214306,0,1339.75,1426.0,1845.875,2148.0,2425.75,2485.25,2592.375,2585.375,2627.875,2824.5,3317.875,2895.75
ID_HW0DS3OVVA2Y,34.31325318,70.38869315,1,546.875,371.25,755.25,793.75,1518.25,2743.625,3127.25,3167.625,3281.25,3443.625,2312.5,1629.75
ID_FBEOSIBKNWAX,34.09452143,70.69565599,0,1139.75,1247.0,1761.0,2015.5,2260.25,2428.75,2527.5,2512.25,2588.75,2788.0,3194.5,2823.5
ID_80DDZWSTUGVR,34.30954976,70.39995192,1,201.125,234.625,563.0,564.125,1200.75,2461.625,3025.125,3109.125,3295.0,3784.125,1972.625,1212.875
ID_K16LMXISDLV9,34.11500136,70.76013447,0,313.0,786.75,1221.0,1318.25,1568.0,2963.25,3318.0,3175.0,3428.25,3658.5,2442.25,1817.75
ID_GVODMSNR262R,34.30780915,70.36794058,1,1346.875,1599.25,2067.375,2293.0,2808.125,3048.75,3149.875,3025.0,3176.125,3349.0,3491.5,3116.0
ID_9XEBJCBRRQHB,34.11878687,70.68671499,1,803.5,992.0,1489.0,1709.5,2277.0,2662.5,2833.5,2858.75,2909.0,2991.0,3370.25,2929.25
ID_77K4R6C3BZ72,34.29666487,70.41118035,0,1806.625,2383.0,2935.5,3310.375,3333.125,3255.0,3378.25,3532.0,3341.75,3228.875,3923.5,3518.0
ID_PHMAKK7V3OY8,34.13106024,70.7195626,1,238.25,381.5,785.75,746.75,1408.75,2885.25,3390.75,3523.0,3582.25,3411.0,2271.25,1508.75
ID_AKUOJICFLAJK,34.28914312,70.39431405,1,815.625,906.0,1361.625,1428.0,1840.0,2678.125,2911.875,2926.0,2971.875,2998.0,2751.25,2194.5
ID_RO1YUXZIFYR9,34.25045811,70.35377734,0,921.25,1483.0,1807.625,2051.25,2167.125,2270.375,2431.375,2555.875,2524.625,3037.0,3160.875,2711.25
ID_XAQYEV2ZN5RH,34.30708486,70.41515569,0,844.75,619.5,1075.375,1118.0,1838.5,2826.0,3166.0,3469.0,3291.5,3161.875,3017.0,2395.75
ID_PLG7QDSYU8HA,34.26095207,70.34399796,1,335.875,672.75,1043.25,1098.75,1495.625,2830.375,3363.0,3319.75,3504.75,3698.375,2314.0,1566.125
ID_I0KWH4KQS4R8,34.28725142,70.34846415,1,700.5,422.25,853.875,913.75,1785.875,2944.5,3400.25,3504.0,3539.25,3311.625,2747.625,1982.5
ID_RQOG9MUJJH71,34.09088828,70.69100691,1,72.5,289.75,626.0,518.25,1012.25,2776.5,3552.5,3474.0,3669.25,3831.5,1794.5,1110.75
ID_XWKXFUFU8PYF,34.26537883,70.35150556,0,1710.875,1902.75,2332.625,2568.625,2863.375,3004.5,3172.375,3128.25,3175.875,3116.875,3521.75,3139.625
ID_LBZ54E55XMTL,34.15745063,70.75990976,0,813.25,1276.5,1786.25,2189.5,2483.0,2777.0,2948.75,3026.75,3085.75,3108.25,3757.25,3338.75
ID_7DIM0GS108XZ,34.23553311,70.30124238,0,503.25,1473.5,1877.5,2197.25,2108.25,2471.0,2605.5,2910.75,2760.5,3158.0,2901.75,2473.0
ID_VZ0Z0WWJVFE2,34.28841442,70.40994779,1,1110.75,1413.5,1913.625,2256.625,2382.625,2559.75,2699.875,2794.75,2773.875,2914.25,3383.875,3042.0
ID_3N0M59Q60OSU,34.08259835,70.69018765,1,812.25,1417.5,2045.5,2407.5,2678.25,3201.75,3433.75,3403.5,3470.25,3328.0,3376.5,2860.25
ID_ASZ7T99DV8EV,34.13131784,70.74230659,1,361.25,318.5,719.0,698.75,1230.75,2867.5,3437.25,3606.0,3631.25,3583.75,2183.25,1485.0
ID_BYVTGPQANTR3,34.24043143,70.30520355,1,23.75,52.25,376.75,161.5,774.5,3150.75,4175.0,4299.0,4298.5,4199.5,1545.75,828.5
ID_0H6FNFV95OG2,34.11392894,70.75341134,0,943.25,1816.5,2372.0,2697.0,2774.75,3079.5,3223.5,3318.75,3323.0,3200.75,3504.0,3105.25
ID_ZKJACEXFLSSJ,34.29820059,70.40089778,1,494.625,556.875,1016.5,1131.125,1767.875,2838.375,3308.5,3474.875,3515.875,3531.375,2698.5,1979.125
ID_9YEI06GPY8EK,34.2921241,70.38355321,1,334.5,302.0,667.375,532.0,1324.5,3530.5,4166.0,4234.625,4297.75,4084.25,2445.875,1540.375
ID_6JY2YSDBIXSS,34.29140534,70.42471675,0,1557.125,1887.0,2410.375,2778.625,3103.125,3076.125,3169.875,3184.75,3217.0,3113.125,3826.0,3516.875
ID_FT00M9Q97VLR,34.26557255,70.34828835,1,369.75,434.125,822.125,756.125,1502.125,2957.25,3492.625,3611.0,3581.5,3749.625,2226.0,1471.5
ID_U3TNSMNOIIJ3,34.13081776,70.71673151,0,695.0,1276.5,1594.0,1852.5,2031.75,2288.5,2442.5,2382.0,2537.75,2737.5,2817.5,2483.5
ID_B8ITM4MJEZ9A,34.28789505,70.37867828,0,2038.625,2398.5,2775.875,2986.125,3044.375,2935.0,2959.125,2963.125,2919.5,2976.375,3602.375,3404.125
ID_N2N7919E4372,34.29412337,70.42293973,0,1745.25,2085.25,2545.875,2758.5,2836.625,2811.25,2871.0,2951.625,2854.25,2945.875,3434.0,3163.25
ID_88AF5E4JIHUP,34.06519433,70.67074112,0,1048.0,2064.5,2499.5,2766.0,2895.5,2956.0,3058.75,2960.5,3068.75,3186.25,3778.75,3596.5
ID_BGVTISGHQVMU,34.2804868,70.34633903,0,849.5,1279.0,1748.0,1908.5,2236.625,2624.125,2889.25,2921.75,2955.75,3276.75,3179.875,2735.5
ID_2P25AAS24IJ1,34.23677564,70.30152379,1,214.0,208.5,672.25,418.25,1152.25,3252.5,4058.0,4288.75,4093.5,4102.75,2016.25,1264.75
ID_PTE432QB0M72,34.13135841,70.74344191,1,460.0,685.0,1116.75,1133.0,1641.0,2853.25,3182.0,3269.0,3314.0,3375.0,2624.25,1965.75
ID_DYZRIN2H5KAG,34.28674469,70.434284,1,1108.0,2170.25,2736.125,3017.5,3023.375,3042.875,3191.875,3418.75,3161.625,3083.625,3488.125,3118.125
ID_KW17PW9J5TAB,34.07587801,70.69784112,0,892.0,1185.5,1766.5,2154.25,2298.75,2449.75,2555.5,2641.5,2571.25,2752.75,3466.25,3210.25
ID_2KTYDGD6P5BW,34.10534786,70.68949898,0,940.0,1184.5,1708.25,2109.0,2294.5,2555.0,2687.25,2964.75,2806.5,3225.25,3413.75,2934.5
ID_HAOZJ6C5FNB6,34.1676975,70.77255364,1,781.25,1103.25,1664.5,2161.75,2520.5,2824.75,2929.5,2938.0,3024.5,3086.75,3573.5,3154.75
ID_ERWLWK9D5678,34.11664187,70.75818563,1,336.25,341.25,725.0,739.75,1375.25,2908.25,3486.5,3563.5,3650.75,3576.5,2268.0,1571.0
ID_7XWP45CCFM39,34.05861683,70.6693716,0,777.0,449.75,844.25,891.0,1683.5,2621.25,2894.75,2970.5,3040.0,3105.75,2829.25,2186.75
ID_F70QZPB0BDGG,34.24883027,70.34964801,0,536.5,830.125,1330.625,1270.0,1538.25,3193.125,3668.125,3511.5,3862.0,3644.375,2319.875,1607.125
ID_18LR940OWEOE,34.28159194,70.33061916,0,1635.25,2475.25,2960.5,3321.5,3352.875,3377.875,3394.5,3585.5,3443.625,3409.875,4143.625,3771.75
ID_5NQKJ9WR1RS2,34.08228167,70.68585676,0,581.75,719.5,1122.5,1190.5,1751.75,2605.75,2857.25,2722.25,2984.25,3103.25,2384.25,1822.5
ID_9XACA2VNFYJT,34.28478525,70.38409709,0,761.5,620.625,1107.375,1118.375,1827.625,2700.875,3017.375,3311.5,3115.125,3020.625,2783.25,2278.75
ID_ZU8UD16AKUZM,34.1432088,70.74402995,1,281.0,179.25,600.0,550.75,1194.75,2790.75,3416.0,3328.25,3585.75,3676.5,2280.75,1549.0
ID_UK37JE58V30T,34.28193402,70.33782315,0,680.375,507.5,1059.625,987.625,1886.75,2935.5,3252.125,3478.25,3373.5,3422.125,2683.0,2114.875
ID_T8WG9TAQHY88,34.1154205,70.6861763,0,1091.25,1578.0,2112.75,2499.0,2869.25,3031.25,3136.5,3144.5,3177.75,2800.0,3874.0,3559.0
ID_RS495JE5IBQ7,34.12679541,70.74065018,0,1159.25,1397.0,1915.25,2332.25,2527.5,2672.75,2715.25,2880.0,2868.75,3003.0,3669.5,3314.0
ID_L3ZXW75QJY8B,34.28757449,70.37347174,0,1301.625,1655.25,2001.25,2338.75,2564.375,2574.125,2721.375,2750.375,2814.125,2859.125,3224.25,2921.25
ID_7AYVQQ1PIBEB,34.28169647,70.41175873,1,964.25,1494.875,2014.0,2294.625,2632.5,2974.375,3157.75,3285.5,3220.25,3180.375,3733.25,3255.0
ID_L2F30CJAPDW4,34.29133978,70.43118706,0,1437.625,1613.75,2122.875,2423.375,2787.125,2827.375,2881.625,2819.0,2960.0,2962.25,3699.75,3524.5
ID_7CUAJ6SSRG1L,34.25124802,70.3250837,1,446.875,242.375,573.625,454.625,882.25,2805.375,3732.75,3816.375,3918.25,3474.375,1670.0,940.75
ID_V1IWIZG0N2K1,34.0837672,70.69794165,1,950.5,1139.0,1729.0,1970.75,2527.5,3294.75,3553.0,3582.5,3699.25,3723.5,3302.75,2588.25
ID_SVGW9URHRJSD,34.28283726,70.40589907,1,794.25,1028.125,1508.5,1701.625,2079.875,3163.875,3517.5,3642.0,3665.625,3326.125,3115.0,2429.0
ID_99LCIKEFYLHP,34.28516441,70.34342281,0,1275.875,1665.25,2156.875,2468.625,2736.875,2848.25,2953.375,2962.5,3038.75,2948.75,3761.125,3434.5
ID_T0UVAS6BDB8T,34.27553552,70.33853211,1,621.5,876.875,1311.5,1501.0,1776.875,3033.625,3624.875,3763.5,3894.625,3603.125,2723.875,1951.25
ID_FWJOERR1I1IU,34.29936817,70.41983757,1,769.0,713.0,1184.5,1480.0,1991.125,2981.75,3422.875,3552.0,3697.75,3456.875,3052.75,2244.875
ID_UIZ65N2T7KHE,34.30361723,70.42551498,1,1043.5,1582.0,2172.5,2575.375,2694.875,2829.5,2939.375,3074.625,3009.375,2961.5,3670.5,3298.5
ID_GOC5SSK9FRK2,34.24836078,70.35583442,1,1174.0,1377.0,1927.5,1940.25,2339.875,3367.75,3657.5,3724.0,3759.875,3457.875,3170.5,2510.0
ID_2KJSFORYZGCL,34.31072195,70.38436696,0,1686.0,2090.75,2474.125,2705.25,2852.25,2764.75,2805.625,2725.0,2780.0,2733.75,3342.25,3125.75
ID_18DOSENCGPQM,34.28657109,70.39413314,1,712.0,1196.125,1688.25,1974.125,2056.875,2668.875,2980.5,2973.375,3185.75,3475.125,2951.25,2368.375
ID_Z84C1J0TUV72,34.29707896,70.39840352,1,1173.0,1676.625,2201.25,2563.75,2830.5,2905.625,3040.875,3126.375,3107.625,3066.625,3799.75,3408.75
ID_5V3VL9Y8JJL6,34.28846121,70.35090171,0,1800.25,2298.25,2682.875,2930.875,3160.75,3127.5,3199.125,3216.0,3220.25,3220.25,3734.375,3324.875
ID_0FJ6IFJZX8KF,34.3034142,70.38485061,1,146.625,218.0,583.375,381.125,1006.375,3154.875,4164.375,4392.875,4290.375,3835.5,1778.0,981.125
ID_D4G2IJ8NUA89,34.30064177,70.37924097,1,234.75,196.25,511.25,436.0,1049.75,2775.375,3563.0,3990.5,3803.625,3945.875,1941.75,1228.125
ID_0A5OTDK51WVN,34.28434548,70.33253432,0,1335.0,1735.375,2264.625,2710.0,2936.625,2969.0,3101.125,3154.25,3128.75,3149.5,3945.125,3634.5
ID_H3YLMHBNFQEA,34.28224292,70.35411564,1,449.125,393.125,830.75,784.125,1629.875,2971.375,3312.625,3950.125,3549.375,3438.375,2492.875,1729.375
ID_DDA69GI9ZA7X,34.30974432,70.38387406,0,1841.75,2109.125,2525.625,2783.5,2919.75,2826.875,2873.75,2849.125,2881.5,2959.25,3467.375,3212.5
ID_W46F2B2MHMI0,34.28994706,70.33605886,1,538.625,653.0,1186.0,1530.5,2089.125,2769.375,3089.125,3175.375,3229.5,3246.5,2926.25,2271.75
ID_VHFPX8RI14MB,34.29353948,70.41096629,0,1710.0,2011.5,2422.75,2656.625,2767.125,2722.75,2782.125,2843.0,2799.75,2913.125,3387.875,3133.625
ID_HF7RUGDKWM4H,34.23622298,70.31320052,0,426.5,1434.0,1900.5,2125.75,2069.75,3139.75,3367.0,2979.0,3424.75,3540.0,2921.75,2293.25
ID_Y1SCK7Q9PMQ9,34.07542016,70.70855808,1,464.5,85.0,349.25,294.75,799.25,2290.5,2828.25,2831.75,3117.25,3076.0,1604.75,967.75
ID_6BKX812TM633,34.1188121,70.68281708,1,200.75,46.75,324.25,204.75,767.25,2742.25,3396.25,3783.0,3524.5,4060.75,1918.0,1147.0
ID_LODST8KEVHK5,34.16140978,70.75681113,0,1144.0,1138.0,1548.75,1856.5,2627.75,2860.25,3002.0,2878.0,3085.75,2996.75,3587.25,3160.0
ID_VD5FLFXSF3V4,34.25413235,70.34210586,0,635.375,363.5,749.5,640.5,1558.25,2766.75,3118.375,3784.25,3402.625,3465.0,2767.25,2003.0
ID_T3WAJGS3B84X,34.29270196,70.40457807,0,1439.5,2059.75,2602.875,2915.125,3003.625,2996.75,3083.0,3191.125,3129.25,3089.625,3755.75,3422.0
