ID,Lat,Lon,Target,vhAsc,vhDesc,VVAscDesc
ID_SJ098E7S2SY9,34.16249093,70.76366828,0,-18.2800676901169,-13.624706639984378,-10.552238505737957
ID_I5DS1NLN2WM8,34.25143465,70.35956155,1,-20.41246901835707,-20.86893676302728,-12.806710873571506
ID_JBRO8Z453K1J,34.26577617,70.34610331,1,-15.881463048291092,-17.29692618366257,-9.413662838181663
ID_GYHRWRLEY9W3,34.2926256,70.34585617,0,-16.250727708578165,-18.152734909368114,-9.043900895100634
ID_LLW4ZVLCTH7Y,34.30324556,70.3669421,0,-23.220296434074328,-25.639033282158277,-17.254261479304308
ID_OVT4MUGA4Z22,34.11910992,70.75303683,0,-18.99930919708522,-10.02626285391032,-8.800328161925746
ID_Z8Q7G6Y40XAW,34.08759212,70.69004889,1,-17.98687465168313,-23.65214209001379,-9.574771181181593
ID_TMPFO6LITM9U,34.290535,70.42178679,1,-25.948262751051278,-27.227294124315762,-16.293274702500373
ID_A14I5NDAO8F7,34.29785995,70.37267792,0,-16.414764037393663,-16.84109137534276,-11.375286995168413
ID_Z79AVIRGE3E1,34.06032782,70.67200584,0,-14.515734523936564,-14.588594951168023,-7.028538700696517
ID_XJAAMVGW5WRD,34.29816388,70.3838412,1,-16.701247677126815,-16.238629297850444,-10.765152820068872
ID_QPA2ZDG5PY1Q,34.28828518,70.34004569,0,-14.148760701259903,-18.412361006227865,-8.470529344613023
ID_6D13XY27TWND,34.05544997,70.66789003,0,-14.943091938398931,-16.10215411687842,-9.532222455899065
ID_225U8617WSMV,34.28343731,70.41526401,1,-24.3557811358353,-24.045991842025273,-12.324630166011392
ID_3I9MVT5RFLMD,34.26070679,70.32226743,0,-14.383571134794458,-10.425693774760749,-5.827446141571985
ID_ZS04D4TH0VOK,34.29350273,70.39832917,1,-22.85196497394331,-18.39907147988869,-13.14222675120032
ID_VEJVIZMW7UKA,34.09326866,70.66235889,1,-16.84181218720155,-18.557544759652394,-12.62620876095105
ID_0SF4RCN504DQ,34.24440986,70.31629921,0,-20.11558909514445,-19.735943418593827,-11.23073001552196
ID_453BYQRUDLDH,34.25022234,70.33514029,1,-16.49426973029793,-14.403458106674645,-10.241190352580967
ID_5TSI3J199GYJ,34.26373295,70.34816968,1,-15.386060578772437,-15.940827385349587,-12.45378060935577
ID_9UBU78S4KY2A,34.25899866,70.33512191,0,-19.08673112902223,-18.477896828244695,-11.835769277159587
ID_BZX6I8Y6G1T9,34.09144959,70.7531659,0,-16.54102114989678,-17.89410832430799,-10.907684549196858
ID_Q1IW96RP307O,34.30222921,70.40841074,1,-17.060024556350267,-16.667629689720325,-12.77567732231542
ID_VEQSIZ7OH0UQ,34.05803047,70.67193146,1,-16.119370109260643,-14.018474680620761,-10.693707539991093
ID_W51I0PT12GTA,34.2724922,70.34944908,1,-20.317358781215077,-19.663162631457105,-13.177494257347226
ID_MICXEFLUWVJ9,34.16855323,70.77184251,1,-23.398586518589852,-23.17068391803236,-14.435860404248444
ID_07TOMJZX2GTF,34.08938649,70.6624717,0,-17.246016465540578,-18.644276837946492,-10.386703264842062
ID_B9AM66XND0FN,34.25080661,70.30936596,0,-22.48021821628115,-17.27152171918612,-9.3943483090949
ID_GDW55JLGOSR8,34.25062489,70.32877306,0,-20.71388686530591,-22.01043918331012,-12.436363082162964
ID_NQVMMMQWSTT2,34.05752673,70.66577259,1,-15.904268291631794,-18.105019873010384,-12.670828937435394
ID_W5HP021GO32T,34.29005486,70.39170132,0,-17.887472482750308,-17.94825154634116,-11.120464848104405
ID_7RLPAEJ707V4,34.08490793,70.69804161,0,-18.510980536656334,-20.300189481035606,-11.864447771339446
ID_MN34V10JQVS1,34.07579714,70.70378069,1,-18.758131598613204,-18.090763004907707,-12.862865469241502
ID_DW7QE3RP9GME,34.11242887,70.70178663,1,-16.538900302763775,-20.324814671199317,-11.855314993215957
ID_T1LQL39UVG4H,34.304373,70.40820406,1,-17.869610435443622,-18.050120156620274,-11.528570533140178
ID_VX1IWA5TYFM0,34.16602375,70.76606068,0,-17.250592230427635,-20.961642055092753,-12.544417934264251
ID_FPN17DMBCL95,34.16641546,70.76472294,0,-16.33608887431235,-17.83090459762645,-9.331999922549931
ID_5S0CZORFPT6R,34.31244128,70.39498042,1,-20.542514900503612,-20.32181658799923,-13.4555717484269
ID_398VW7G6ZW53,34.28878906,70.39314721,0,-14.34695930791354,-16.514731371849123,-9.883383524249433
ID_N6N5ABKXPJFV,34.15840381,70.75647051,0,-17.951114788254618,-20.46231591741262,-10.536263391202286
ID_ABBZKATSYRUH,34.07723128,70.6852708,1,-14.893164631528776,-20.091294967856093,-11.442593023310996
ID_OFGG0CNP892R,34.11786562,70.69319607,0,-15.981172182761402,-16.732814209881713,-10.356462356391336
ID_TGZ33NWZ2JHV,34.26774716,70.3570029,1,-20.903473241478856,-21.87741515612171,-13.84609110564733
ID_5GJC7MQTZ1KT,34.28030475,70.34815082,1,-18.7218536220876,-19.744605695466724,-12.189352611234524
ID_DL4IBT6O05JW,34.26129209,70.36203125,0,-17.67356777498609,-16.715246979991715,-10.66832256793004
ID_KQ02QVG2WMZ2,34.29308345,70.41548415,0,-20.419974823530804,-19.238017700202306,-11.373855424183303
ID_TF3SJFKQH7I6,34.28322704,70.41091444,1,-25.170098308588102,-23.877599772398344,-12.665360138755707
ID_WEV30JNH2RPI,34.26382795,70.3276102,0,-20.628791293170902,-18.681649409825297,-11.76496972474531
ID_7GRZNHKE7IJF,34.07858233,70.70216658,0,-16.29994059866,-17.60536646645817,-10.365391728252254
ID_9J1O2CG9YU32,34.27253068,70.32864003,0,-15.592506090760391,-10.927946145814747,-7.4490631004981
ID_G6NENAHYI1D2,34.29075962,70.42782673,0,-28.010767719654496,-28.190895570110392,-18.710456332763243
ID_T4D44YZII61T,34.24684026,70.31050314,1,-16.881785608864654,-18.85502634838008,-10.65792721437687
ID_IC1DM6OS6JFG,34.25326185,70.32533508,0,-19.953829966794856,-18.208797751740555,-11.21630837210456
ID_5VD45GGRCXJZ,34.26847576,70.33555096,0,-16.56275130731124,-16.439956007071068,-11.875083824030142
ID_XQN47BKKO2YE,34.26518758,70.35299978,1,-18.303259503079364,-19.264126565441476,-11.53071152715715
ID_B1TVXPQ587U0,34.28920775,70.41851151,0,-26.31272719548233,-26.943536507693977,-15.316433099472814
ID_01RYTK0DUR6S,34.10733529,70.70506958,0,-20.07790393931385,-11.055854987403535,-7.124518755572519
ID_TDO0P642C9A8,34.27004727,70.34003981,1,-15.964716600891606,-19.829015108383953,-12.785155774188329
ID_BBM351E97EST,34.30016428,70.37195706,0,-15.866202301035685,-11.689323922365844,-9.043683754548908
ID_G1L2I2I8Y7J4,34.1116378,70.70235279,1,-17.500244715772528,-17.20326991588742,-11.008174979932106
ID_I8MQ59FSAQ8H,34.09045368,70.66662666,0,-14.58452005482847,-17.13033421390702,-9.911093507639956
ID_VT71847SW1WL,34.27137775,70.33419989,1,-19.97328123757962,-19.782824438443576,-13.457701128941407
ID_ISLFQ0IHKHTJ,34.15911516,70.76631324,1,-21.46454543405098,-20.398775414098218,-12.435762628989735
ID_XYG23TIQD5OS,34.11698945,70.6838472,1,-19.707891405989024,-18.143966969079678,-13.219431347149873
ID_0D98OU4IVO4X,34.30766227,70.38500858,1,-17.547444650690498,-20.627823296802408,-13.95802309454325
ID_W0HFHTJDPRZP,34.30467031,70.39275112,0,-17.70266856361534,-19.694547463615585,-10.01654907963635
ID_WELWG8GTSEXW,34.29039045,70.36890816,1,-18.322110646872847,-18.238881718147073,-11.674467329917693
ID_5GVJND93L30M,34.09013992,70.75635172,0,-21.968441665494606,-19.413517460949958,-12.208981754775547
ID_VI44MP0F1S7V,34.09043276,70.75208022,0,-20.806304988121816,-17.58754569854697,-10.583627655986472
ID_TKTSRD4YFSXN,34.11128591,70.69763152,0,-16.37408013523059,-17.35152275886732,-10.737388516709135
ID_6KWK81655YE8,34.12032226,70.70958021,0,-17.42307076817522,-18.12404125368749,-10.446167341296142
ID_7XMG5MMFKM44,34.15540655,70.75971684,1,-21.619093655558363,-19.87702693678299,-10.363141391310553
ID_HSTFGR1X3YMP,34.29518383,70.38350365,1,-22.10094454525526,-19.901410715602285,-12.889372593867924
ID_27SANU941YP6,34.28642155,70.41457491,1,-21.52779813452205,-21.90212466237843,-11.599576746717005
ID_N9I1486UASHS,34.12727804,70.71458939,0,-17.948451355841044,-16.961518714133963,-10.862013577396656
ID_QICZPO0OGBWE,34.31293136,70.38651572,1,-19.197280238297243,-17.66296739613037,-11.817850120467426
ID_7GN3UKXDT6O2,34.2577691,70.32481085,1,-17.42228462317372,-20.385486073277917,-10.91284355501793
ID_F3ACZQ5E711S,34.28748412,70.35424273,0,-17.465265438502,-19.553090889019646,-9.279312688685694
ID_19UP7EHYCG58,34.28836427,70.41676839,1,-22.27664477455653,-22.20634827151702,-12.459933092047686
ID_YP5M1J53UR8F,34.24195752,70.30982252,0,-14.937368970797527,-17.031526031554584,-9.896457965292113
ID_XO7YE35BU495,34.29036114,70.41090174,1,-24.6461480593302,-22.824010912213787,-13.63185610865855
ID_5S4U177HD7DI,34.27900684,70.33333182,1,-19.122499881034372,-18.46852946165105,-14.271359646197496
ID_AA12BIE43Z96,34.26907693,70.34431123,1,-17.690055295813945,-19.58702689704885,-12.17797325879757
ID_IQ6JT7L37LU8,34.28437323,70.33002421,0,-13.282942256393671,-18.819659513245384,-10.280980436964892
ID_KK80ZWM3X41Y,34.29495048,70.39461039,1,-21.791377568859733,-23.380771809499258,-13.267496350707422
ID_YTTBDEUD2QAD,34.29718559,70.42630539,0,-26.760911815967518,-27.366830769411017,-16.46665532242319
ID_B587X25ZZ4VB,34.29178308,70.4150013,1,-24.57459995211423,-25.621667732153366,-15.726729051258161
ID_AB00BJB7WXYH,34.16966905,70.77140555,0,-18.80009964934374,-18.93755464191794,-11.69581527232879
ID_61JCX0D2S8IY,34.12968302,70.74447242,0,-15.394782874200644,-16.822114470555608,-8.981344943767805
ID_1EYOAHQBBADI,34.25835985,70.36595467,1,-17.235690082418028,-18.05910731886792,-12.132071987171091
ID_B1KWYEPKWT8L,34.29268919,70.42869186,0,-26.102494813137003,-27.333346229984738,-17.506351298446283
ID_QJIKUEX8TLPY,34.10170348,70.6995065,0,-19.757210250579146,-14.332338521411042,-10.520548602073951
ID_USHDSZASYNRK,34.29138712,70.37107598,1,-18.78250763473238,-16.08431829072215,-10.641082239483268
ID_O1HONIVPLM2L,34.30353659,70.41465131,1,-16.375660221456066,-18.31846569668436,-12.125861607346659
ID_EWVWRSH7U7E0,34.09899664,70.69142848,1,-15.025374492479937,-20.350954856697143,-10.548273067832486
ID_0XMMBHK6AO2M,34.05897985,70.66114512,0,-16.350555931356393,-17.165120989922492,-8.408469491289482
ID_3RH8RGA4HSU2,34.05801969,70.66834237,1,-17.519196817148032,-14.197141189937293,-8.733739623802009
ID_PD3IS4LJ4JDR,34.29498087,70.40733357,0,-19.24063817639174,-23.47186905141909,-13.279776666586722
ID_PVEABF13OS14,34.26349392,70.37044516,1,-21.442777368972195,-23.602184673173902,-14.088354075360593
ID_D32W76LXQWBB,34.30718692,70.37711248,1,-19.36836944627533,-20.190945274416443,-14.470742348248171
ID_JNOGQWD0O91J,34.30105475,70.386232,1,-17.234529922022453,-18.053796556790875,-13.3690291944478
ID_PAIQJVIU4ZCE,34.14601269,70.7485289,1,-21.76407881403378,-22.147967640876068,-13.446976374241302
ID_A8IZNECA8HPH,34.08152766,70.68803573,1,-17.43584837967227,-18.80981111865929,-12.85959322639222
ID_VW8646NOUKMY,34.2591707,70.35821462,0,-18.45904455611064,-17.97689285606203,-11.932022863807111
ID_I9EO41EYCG4G,34.24315599,70.31554406,0,-16.806257158330663,-18.26246666202928,-12.30300832061736
ID_90RVOZ6YCD9T,34.24912818,70.323058,0,-17.448989126327753,-14.148162962792046,-9.600551688582884
ID_ZG9ME3ORN4WE,34.12052019,70.7076544,0,-21.060040002802843,-17.570460382513545,-10.769858491558029
ID_SIRERY7796WH,34.26872715,70.35922676,1,-17.69974046907144,-21.170645449743404,-12.339158930295277
ID_6XV3CU2DPDTP,34.2554888,70.32998813,0,-24.38597282560653,-24.34612810179059,-15.823448545752175
ID_L3X7Y11LRA9Q,34.09123509,70.74882364,0,-17.751731085139205,-17.68709713368297,-11.764354593082768
ID_KRFMHYEIDSPQ,34.10464725,70.70412043,0,-18.243570868957942,-16.65950755914239,-9.043412455653854
ID_31YDU21TJHFO,34.08906984,70.69456486,0,-17.49063514109249,-17.485575145373524,-10.989943855292697
ID_UGQ4P2JUH0ZQ,34.30680603,70.38161414,0,-25.51853608512203,-26.367806435422597,-19.24521050408558
ID_YI2DRW8CWYTV,34.12983832,70.71911797,1,-16.911129749348323,-18.347229832748184,-13.49520570062862
ID_AJ0ZQ0BWNQDJ,34.06435782,70.66220171,0,-17.86034983025767,-14.574793092411976,-9.200946506307286
ID_BXAEGEVNM7Z5,34.30021188,70.3887482,0,-18.85324058853546,-19.37165320352009,-10.473468493789401
ID_8ZQTO2RAXWK9,34.29604281,70.42770336,1,-18.711153341225657,-19.583601043537225,-11.831274936172843
ID_NJ7TR0UIRLXI,34.29660097,70.39944339,1,-17.513626515149546,-19.591432622056907,-13.293300473612863
ID_MO9PX9RZ01XK,34.17091154,70.77545191,1,-24.57441064611847,-25.7091711897202,-16.072855049521994
ID_LVRJASAC5NFP,34.30736337,70.3955146,0,-20.461537089596117,-18.819496031732154,-11.152252522592443
ID_4C2O3QKE652D,34.28258596,70.40072344,1,-16.71015103671798,-18.154310247468224,-12.4913751830159
ID_A1F1OYZ0CR7Y,34.10621338,70.7045454,0,-18.021926803174743,-12.234288250476258,-6.1786984691283084
ID_KYBQXUVXQHTA,34.25989846,70.36863354,1,-20.604836384934025,-18.277609371552757,-12.881561083271706
ID_4R1GBOG7F02P,34.09888999,70.69268748,1,-16.97515763040736,-18.584038427776647,-10.803789893620024
ID_84HXMQPKTJXQ,34.30520793,70.38798813,1,-19.21022873229439,-19.787959156893688,-11.750643362795543
ID_1S7BBUA8DTTQ,34.26866122,70.35381277,1,-20.296953722206233,-18.91464049041503,-11.302936710383088
ID_SR1610J23RXZ,34.27748495,70.34672574,0,-20.42507965856712,-20.078078739166695,-12.36535656536295
ID_4W4KAW692AS2,34.09267426,70.7584305,0,-17.45891774549084,-18.44899176589243,-11.064135566731638
ID_2MDCZ40BHNSB,34.07993288,70.69026615,1,-18.326246211152096,-18.592093583535938,-12.971171087908697
ID_XGCHI0QINRR2,34.11913606,70.69333487,1,-20.729357705394555,-18.219795165571362,-12.380675911966687
ID_LCU8PB4N0LVN,34.09252058,70.75387151,1,-14.346989729398288,-16.564527522333854,-10.911294622717564
ID_CZKDZ6JHYMP4,34.29089624,70.39394106,1,-22.08007424580895,-21.889499094236662,-13.010749091141417
ID_7Z40LLJAFZ00,34.08181834,70.69665843,1,-17.98767672984688,-19.81851096567027,-11.726789588647863
ID_LT6B1I6DN74Z,34.264893,70.33371323,0,-17.02274045458839,-15.610840858333248,-9.559064249594709
ID_0O9IXHXP6W50,34.29270082,70.36551715,1,-20.402044111784704,-16.651943956770214,-11.460616368009271
ID_S9FDBGGIZC2H,34.28970829,70.41687464,1,-24.019932689927632,-23.487963874444272,-13.115188164688757
ID_B3JRB3R30YL8,34.2665699,70.33002391,1,-16.044122286822336,-20.348299722426294,-12.492242675805873
ID_THFLD6H0G21T,34.26453919,70.36640568,0,-18.062972308716077,-15.625396519403584,-8.908001790184313
ID_TJZFLT7QJMC7,34.30126638,70.39345406,1,-18.266731669912925,-16.85335733059636,-10.389935784960004
ID_A9TJTX66XQSG,34.16530999,70.76418241,1,-18.638966430048356,-16.824286838720408,-11.769281719084336
ID_Y7S21PIT1FOS,34.28432088,70.41332169,1,-18.613734090842613,-22.09986612401089,-12.89010535268321
ID_4C8HMB30MJIB,34.24378466,70.30037392,0,-18.825464762113498,-18.529647923349984,-9.986317061409583
ID_9V9JROSJ9MM4,34.08279402,70.68887948,1,-18.70816000537751,-18.421225214846995,-11.091863993706879
ID_G3U6M5H54UXM,34.29256115,70.43146586,0,-26.14901476554627,-26.306639625129627,-19.190185456588107
ID_MKK43JNFC42S,34.30628575,70.39096087,1,-16.858775748955804,-20.963566903465654,-11.614138958193374
ID_KZX10YRRPFQ2,34.28429498,70.41821376,1,-23.64060413620224,-25.84157266268165,-13.809138464762105
ID_S6Q0OLMNEJ9V,34.25109915,70.34426477,0,-16.616300168771765,-19.530356317230407,-11.593011114427176
ID_X0I8DW9ZQHPY,34.15512428,70.7574672,0,-18.117845108168467,-15.883872759967304,-11.437021880297712
ID_AGMVF8S9GKTV,34.29562046,70.41263232,0,-20.267285500574836,-20.074861282522196,-12.845485374096318
ID_EOZOYTUE4PTC,34.05531528,70.6693958,0,-17.10742333708295,-15.976492440165552,-10.160760556597818
ID_1VG8RI95H9T1,34.05437555,70.66649405,0,-14.653419412881737,-17.191139833465186,-9.773595843757533
ID_TV5TSED9LGL8,34.13151436,70.7133555,0,-17.34909924744459,-17.976073662840726,-12.373979465330912
ID_06BV9BGMEJ9D,34.08166173,70.70187219,0,-18.03068503108643,-17.94148985048529,-11.13880390010891
ID_Y02KW78T1MSC,34.11907907,70.7562348,0,-20.558688771366587,-17.914907719209985,-12.731843652518588
ID_7S6N6RWBL25X,34.25444237,70.34979868,1,-16.551833300672328,-17.5237786585241,-10.793238176072416
ID_KNAKZV7SZ2GI,34.26100847,70.34100325,1,-16.743794631319386,-17.587079652287702,-12.484622086411617
ID_DDZYRA60EBIC,34.27800803,70.34826326,0,-13.857354034137126,-17.293799151063098,-8.933503136978052
ID_7TBQ9F6ANT4H,34.28245695,70.41618035,1,-22.81117801140679,-21.925854621025987,-13.133536762290344
ID_7BR1I073QEZ2,34.12533868,70.73856201,0,-15.937899451881744,-15.749835632953728,-9.682350399513288
ID_LH3TRH66RJNA,34.11644237,70.68619581,0,-17.210313943158422,-17.09146379588892,-9.119399800821673
ID_WI9BJXNUVVVJ,34.30077626,70.40652493,1,-18.84921156549307,-17.0609024020023,-11.636551299386714
ID_WASJCJQPH101,34.08957119,70.6584281,1,-14.385368967448205,-16.946623110316096,-10.498376164944847
ID_QHBMANMQPREC,34.25254092,70.31789525,1,-18.260283215593,-14.82065387419143,-11.000938794570173
ID_1XNW5PWHESVU,34.28615934,70.39997662,1,-20.053882928147583,-23.64385196727543,-12.423264296033924
ID_JIGQAR40H0YP,34.2642695,70.3565737,1,-21.03977001588355,-20.96380778445552,-13.417434019994262
ID_9F6HQLKDBBCW,34.12124876,70.71294909,0,-17.791449914854077,-18.189952270950965,-10.971483897805967
ID_I4KHK6Y6KDFY,34.27864291,70.32972096,0,-19.37553664502141,-12.78853214031534,-5.646118576792082
ID_WVFJY6X3CSXS,34.26380094,70.35832091,1,-20.22857444391034,-22.059188415802954,-12.595617093910942
ID_V582NH012WA8,34.29249735,70.3910207,0,-16.494946740031754,-18.54034426688556,-10.719997784164638
ID_ZHMFRGK8ZYZX,34.30842679,70.38645559,1,-16.453085174688507,-17.34649266826029,-10.023395367306502
ID_PIC5KT1B1QLP,34.27013033,70.35148256,0,-18.10400834540647,-20.699979177177973,-13.557305742977707
ID_6NF7KLNUH5DU,34.08462909,70.68706187,1,-17.81956242223651,-16.52507155752919,-11.914851860861777
ID_5SDY8K1CQJFX,34.24989042,70.33078732,1,-21.67653111102193,-19.78803046936047,-10.411729748863285
ID_42JXTM6TL2HH,34.16085762,70.76212097,1,-17.42806670538756,-17.813832518044364,-11.283054504328113
ID_977NWSX8H95U,34.10283664,70.69160093,0,-15.275682704268243,-15.172451418772505,-8.472603879058235
ID_B8F33E7UM5YL,34.081523,70.69886627,0,-17.42144799594542,-18.256892721105892,-9.42105927991099
ID_3UYQC3VP37VX,34.29602953,70.38097128,1,-17.442712179506156,-17.938383871929297,-11.133584695806574
ID_NJVCQI6LZLLT,34.28327336,70.42684393,0,-20.53955067338221,-17.56429754307064,-10.187686338825824
ID_SGTYWII6FPXV,34.2928223,70.40802,0,-26.85250571694643,-27.79431834678158,-18.689195314805502
ID_UBCEP9JKKR3C,34.3061929,70.37072932,1,-17.300619931745572,-17.686090391443877,-11.857724140881938
ID_D1NFOTF86MV2,34.2746759,70.34934289,0,-15.659553755790132,-16.295279325481786,-12.031768955657645
ID_VDJ7RDIZ0GVR,34.24226775,70.31642297,1,-16.864650771966918,-17.75393646578605,-12.252133253723033
ID_8TPGJRN2S38X,34.12057584,70.75910009,1,-18.346732235257697,-16.684767927289705,-7.4751576539719435
ID_YQHCMAA5ZFWS,34.29855951,70.37940196,0,-17.938778546377474,-16.527989622633225,-10.27586718477931
ID_LACUI1CIVQE3,34.266225,70.35631726,0,-16.213740921817312,-17.563692523749495,-11.419198183786508
ID_VKA4TCB2C4QE,34.05891118,70.66630758,1,-17.121395169609983,-18.3552564668063,-12.173188379775688
ID_5TJK3S2FXWGJ,34.08653055,70.69015502,0,-19.828005734771647,-16.268990529068155,-10.53161430141856
ID_G3MBBK2GN8HA,34.05537815,70.67442146,1,-21.197220654737116,-20.558680680673906,-12.984589410412005
ID_7XB2G02AHPZP,34.2501881,70.32778285,0,-14.902179451412009,-18.60337731765349,-11.79798192991815
ID_FUNQA2O629NJ,34.2663691,70.34951408,1,-16.83594957554721,-19.709482332977448,-10.310700612756966
ID_N891V6PQ08U5,34.10758431,70.70671637,0,-20.347628352052574,-13.61507745142556,-8.295981338352409
ID_P30IQ3RLKQOD,34.28479427,70.40311014,1,-22.648835985602737,-19.81285930090486,-12.554890857345613
ID_EYU12FP6UOFO,34.29806106,70.38105841,1,-17.29820589890965,-17.140039294732627,-12.747945301178888
ID_B0VHWTPUJITS,34.05737364,70.67368245,1,-16.615289680057163,-15.258976338625327,-10.404819258288422
ID_2M3R9EODLGS4,34.12211821,70.69597237,0,-16.827706277632515,-13.418411992733311,-7.772884673236581
ID_6SB0JE6SHJ3L,34.30297412,70.41560677,1,-17.40783007054653,-17.99532350884159,-11.149670660896234
ID_9CILZ9TGBH0T,34.29893735,70.37322218,1,-16.002220403609726,-17.134396439460993,-11.120334515486643
ID_FHSW631M4N6O,34.29027174,70.42885686,0,-25.20552492826948,-28.336795799691764,-17.444987376277247
ID_ZITFA0EJNEUQ,34.12790762,70.75925272,1,-20.105518308447046,-17.84239044787329,-12.214291959222304
ID_F8OKGFOW3RG5,34.28273442,70.4033342,1,-20.27831821445088,-22.67323964173879,-12.65271646731874
ID_9W7U6HVV4ATO,34.05571088,70.6651257,0,-16.31569382200903,-17.974555914608043,-10.095104603306982
ID_QHZUFA9TUBYU,34.10388815,70.69475723,1,-17.517011458754684,-15.375172274492058,-11.596833634339607
ID_BU6G7UU67RZ9,34.29019851,70.39486779,1,-20.60797744436605,-22.996765261760537,-13.867486434487603
ID_9VZYXPCVYCV9,34.08613276,70.69520366,0,-20.120851143204074,-17.257663813519503,-11.644256744387613
ID_8YSS6PROMXGT,34.10972348,70.70535783,0,-19.203842886428042,-19.727410886747947,-10.814982223915006
ID_FJ6P26L0UFM2,34.11920328,70.75485172,0,-25.23803846063739,-25.883274544062868,-16.557146746296148
ID_WIVV3FC9UR2G,34.05966777,70.66318498,0,-15.69029321499983,-16.857456226752834,-10.09318846121425
ID_WMYWS7MZH87D,34.2686619,70.35210176,1,-20.68635782559059,-17.284998182161495,-13.432339260080807
ID_NZR9VF6RQIJM,34.26255925,70.37221361,1,-20.468891241700952,-21.516165174840907,-14.36079529085767
ID_ZBJO86WI1GUK,34.25695047,70.35839643,0,-18.474058528501498,-19.792223915517393,-13.699046067200527
ID_IBP4H0SMTFSF,34.1541385,70.75888926,0,-18.17926912186787,-19.98915658979167,-11.323812862318453
ID_HC2N17K8EQKR,34.29745221,70.42990804,1,-19.95066528774783,-19.5289796433304,-12.440160952373157
ID_A5CWUD22SAN5,34.27005754,70.33410411,0,-20.713976828391008,-19.003886284777032,-13.021763720393968
ID_VAMSOJ4CYQRT,34.07642894,70.69107683,0,-15.001536229225962,-17.27866903431927,-10.1275198930995
ID_LTQCRW9EV5WH,34.14078199,70.74978862,1,-18.37794587315249,-17.952111801886005,-13.432949478567357
ID_397WUFK62O3K,34.1233411,70.71208702,1,-18.44468646136338,-18.126168025816998,-11.33932975585113
ID_JBNE6SKLMZKP,34.10498638,70.69647276,1,-18.191231081020202,-19.25857577165606,-12.710336311380946
ID_5WCHS8ORYR96,34.25287786,70.32133163,0,-19.725357134606245,-12.316123628185418,-6.822161724773484
ID_X6C66ZFTRGGR,34.28264157,70.38449942,1,-22.977811826959453,-24.21373496947614,-13.177879706395654
ID_N0NDW4WP07G3,34.2811487,70.41305181,1,-25.26856294385548,-22.54753076796207,-11.195986608023734
ID_MJKNX4B7CTKD,34.09408403,70.75666592,0,-19.606478722606816,-19.106217072784375,-10.071588153423804
ID_VS67R41V7MWW,34.08246012,70.68476698,0,-15.269021299122164,-18.3988617747169,-8.73525765040206
ID_OJPND0UHKZJT,34.2649011,70.35784562,0,-15.896871130531283,-18.773645932128737,-11.98072987537464
ID_0WFSUTUVXSPF,34.27679174,70.34446278,1,-17.51930064492363,-17.948368611640007,-10.164812351934403
ID_XEVFJJGJ5GVM,34.27967958,70.33247377,1,-18.902065281391415,-19.401178206279763,-12.649807564913377
ID_OMQHS5RIACR1,34.24317874,70.30390067,1,-17.032502360885836,-16.296917971429824,-10.838565618286923
ID_Y4G79G92Z32P,34.27110206,70.35483446,1,-20.89742125138688,-20.311654086661253,-15.045453362004151
ID_BOOYHB38R6WL,34.28547034,70.4266858,1,-20.09282267138563,-18.554905647946875,-13.132448639432436
ID_0UOKF3J7DE4K,34.30396475,70.37827016,1,-17.97235182824725,-17.493219980019262,-12.140010017147144
ID_0UPU3EOZMQMA,34.26884823,70.3510082,0,-17.58132149514583,-16.598360075269092,-11.239731794699184
ID_QIO5YK010C2B,34.28754161,70.36516893,0,-14.209121551792771,-19.554344907925508,-11.352463853436623
ID_3KVZM9GGNILC,34.30260308,70.40015527,0,-17.27448950900564,-19.74912798119336,-12.244667816591937
ID_ZTPER4F6X49X,34.1026096,70.69411834,1,-19.670517925510133,-21.352237376236765,-12.928596679611555
ID_5EDSR8JNKFN1,34.3117041,70.39649232,0,-16.071506531350103,-18.247654992150366,-8.989199070255417
ID_HGTSM3SUOWOY,34.29469778,70.41759674,0,-23.017540365529364,-21.399777099495445,-14.49753306724131
ID_KPR2EXPIZPEX,34.30104946,70.37643165,0,-16.0561296056328,-17.54094594848541,-11.556687584372296
ID_VETI66YG9PK7,34.12077987,70.69384823,0,-21.316292488828353,-18.835808450728152,-10.443187839676325
ID_84T5EB5EG8VL,34.30529668,70.39933509,0,-19.16497076588405,-18.77876009276682,-11.901167621469778
ID_I3S6UERI4CVX,34.24167166,70.31094936,1,-20.243312713497822,-19.383883186807182,-12.960693858074384
ID_34AYAB1LEVW2,34.08538734,70.6912668,1,-18.335639723297227,-18.005264532275362,-10.573286897952944
ID_QWC2Z6LGH1XD,34.29026289,70.37353562,1,-19.234407205687003,-20.173607301394263,-14.944193938832788
ID_Q4HMFRQPX9C7,34.10218392,70.70060661,0,-17.89872051115244,-16.588184540593538,-9.849570906280928
ID_NY499KLMSBQU,34.29550718,70.41609237,0,-25.385821858325375,-26.37235635108529,-17.11111080062975
ID_9VW7VCSOMGHV,34.2555935,70.33198207,1,-19.70394238599232,-18.69276876185136,-10.341293792446768
ID_IA0HWG6J9UPP,34.07909524,70.71177743,1,-18.891104512263716,-17.241876030687898,-11.055760997485647
ID_INDUL05ZKDV7,34.12007119,70.68275342,0,-23.283743852555297,-21.659618632124243,-13.344925757555439
ID_WCBHP14BIDGK,34.30208739,70.41214109,0,-15.24026850329272,-15.684404204150056,-9.600780779021823
ID_EHEVAAG5OVYD,34.29534687,70.40341353,1,-21.600699259963797,-23.8960733102163,-12.916702799857475
ID_OLQJXWHJXXBI,34.24935224,70.30547262,0,-17.48321505230994,-16.925142536597512,-11.899596545348688
ID_PLG96AG0W25H,34.07983356,70.70838649,0,-19.508315534427425,-15.916340996373137,-10.952938354332662
ID_FTVG593ESV7J,34.16602943,70.77148668,1,-18.226650017298883,-18.242501184843928,-10.103789376984702
ID_9MK8TZTNFPMW,34.25579557,70.35174526,0,-15.419126922121855,-17.13220147643832,-11.105883674355992
ID_GUF0SUN8R0AX,34.10338219,70.70370289,0,-17.688099213901825,-14.38631110243134,-8.615201108467497
ID_JBFTN6GD5D66,34.1731694,70.77218754,0,-17.468824242381753,-21.3542452582658,-11.152318409464575
ID_E58V7AAL5SXZ,34.16202446,70.76237605,0,-16.355290481601703,-15.926253441893806,-8.586728002913961
ID_3TXXF6824U60,34.29352519,70.42682118,0,-23.89839260851201,-24.74894238086005,-15.09756085141915
ID_89W2TPXQV4GF,34.29853421,70.38972872,1,-19.987015518018964,-18.71574033142851,-11.32323994365715
ID_FDHS3Y6YIR1C,34.30712957,70.3796555,1,-19.245178731768572,-22.555277513097668,-14.095295772098547
ID_PC2YKKTPD6CH,34.29051993,70.40713331,0,-26.14169300970023,-23.14444691497665,-15.902336508633443
ID_LG2WATALLKN6,34.26180491,70.36023888,0,-19.543502976648572,-21.6383358079346,-10.888903638035773
ID_RMCE9D7IYTAE,34.28686794,70.34099577,0,-17.910987486123474,-16.870004548496894,-10.24546915864245
ID_0J6C9UOYGZ7M,34.30152294,70.40080268,1,-21.907647639196274,-23.668996122084287,-12.624103323140785
ID_1S2K2LTVAHM6,34.11975211,70.7539169,0,-16.392622089099895,-15.040334400297521,-8.93629597497296
ID_HFMHA8YD8Y2X,34.14500236,70.75133445,0,-16.72125208103525,-15.490103702564273,-10.836914638751225
ID_QA1I9O27BBD5,34.30132475,70.42416045,1,-22.166616686630142,-24.470036050661317,-12.311180699009043
ID_OJ8J05J2NDVS,34.05667514,70.66142031,0,-19.22094806640579,-21.932983434919187,-11.916815289499452
ID_LQ227VHHYQAY,34.29606061,70.36995579,0,-16.682255992477497,-15.352480990201542,-11.126964339592016
ID_HG77TH9IASHK,34.2870228,70.33767397,1,-15.99398954017181,-20.005680051839654,-12.026146270775273
ID_2BAPSQCW7CVR,34.29150844,70.40821889,0,-25.749836878991296,-22.75230460867645,-14.801532740525335
ID_0YTEIUA7FS6V,34.0931037,70.75165057,1,-18.66479467868466,-16.304863351547315,-10.996183545362324
ID_DZ0ASIZIIPFI,34.3122807,70.38906799,1,-19.474507445708447,-20.529801610778314,-12.606517757065765
ID_DAIGFK3AT6SK,34.29479237,70.39973823,1,-21.804197169476858,-23.193790591197175,-12.36298691985821
ID_6YQYMF69AM0P,34.09716053,70.75051432,1,-20.538689960974683,-18.175743304301992,-12.9567384341151
ID_Z0FMR5D6IW5I,34.2830683,70.34381125,1,-20.699159995587763,-16.010514999052653,-12.718515196426974
ID_THUM4VQJD2WE,34.24600587,70.29788732,0,-28.80497342780329,-25.27795517318072,-15.65786898509979
ID_D7LQANIDQBRP,34.26662926,70.36835074,0,-25.199510450079238,-27.64584078402106,-15.194218299897361
ID_Y462DG9G355B,34.09280972,70.66773005,1,-15.260652933426718,-13.59209843697163,-7.447129881194671
ID_1SHU6WUR7OQD,34.09857832,70.69616206,0,-17.30966620578211,-17.53407902684648,-10.668005245825862
ID_F41TFOL8PF88,34.28415824,70.34923252,1,-15.450902751264813,-15.322483367928324,-11.423141249792726
ID_2NAL788ZSLC3,34.25527557,70.35743387,1,-16.845399427182883,-20.6130699704864,-12.250903136806784
ID_6O40E83GVRSG,34.09735861,70.75529491,0,-14.632610375441669,-20.814459511503788,-9.97998877140893
ID_HPX4ZCC7YCS1,34.29604347,70.4212875,0,-18.601145014742194,-23.48063176206753,-12.82699324034115
ID_RCI9OPKUU9K2,34.12480963,70.68735325,1,-18.46538563608295,-17.93617896035428,-13.057891978763786
ID_4JCWXGVL735R,34.11019473,70.70703704,0,-19.736006719381237,-20.3816845413645,-10.602257930262102
ID_OF8ANXERJOMZ,34.09333668,70.75731312,0,-21.23621048681728,-19.12688771252315,-11.142907308807285
ID_RTAIZ246LB87,34.27082169,70.34268469,1,-22.047882639316168,-17.041914785098257,-12.363117009899522
ID_I5WGZ9UTOCJQ,34.26849307,70.34987415,1,-18.8155282793859,-21.347880507838944,-13.006551109844663
ID_YIXDLKPWC4FB,34.28347829,70.34237767,1,-19.58807992513277,-20.590817836949547,-13.234066595112024
ID_FTZXRVIWFK2E,34.281846,70.3420682,0,-17.61006492534613,-20.3622570373971,-13.234272072997834
ID_9EU0DH7XCXQJ,34.12124216,70.75769217,0,-19.344252268233987,-18.79931410392834,-10.923984231069635
ID_0EFVK1SGR2SJ,34.12012097,70.68869916,0,-17.960849391241737,-19.481256645839103,-11.156154301085108
ID_6WYCFMB4OXHU,34.2781947,70.32845328,0,-9.884200828824081,-15.621317281211844,-8.930064002251813
ID_0UIRWBPQGYJN,34.29320987,70.3419697,0,-20.947979912605867,-20.968253507641766,-11.577987695175134
ID_00MJRGGCU6WE,34.14171912,70.75385026,0,-21.108936980422556,-22.086023240775837,-13.210461369783724
ID_GVPWK2O7UPM4,34.26256666,70.33833261,0,-21.766907626184576,-20.672824335047103,-13.108244266923808
ID_CZ9C033YKQPQ,34.27150445,70.34795236,1,-18.622568692886645,-20.426759948282573,-14.660357986364021
ID_457173Z6182K,34.24441158,70.29785947,0,-24.734892518439835,-24.367496810945358,-15.012064983451909
ID_F8BV89TZJ33W,34.30926578,70.39092916,1,-19.98751285546104,-19.190552222397038,-11.453360646534096
ID_6P6XU02WLLFH,34.06263393,70.66422228,1,-17.57752617146454,-18.220326889630773,-11.692314126928258
ID_0J55X8JBK9RF,34.25759386,70.35742601,0,-23.761744893723986,-18.273328762330923,-8.596873628755697
ID_60K7SKOGNGNP,34.2977152,70.41296804,1,-18.961622377876967,-19.11329665403877,-13.316254950823824
ID_YOP9PVE96EMA,34.28677609,70.3345845,0,-16.33024464225442,-17.46467717695726,-9.749135091934198
ID_PYCR05IA2YVN,34.29612479,70.39554111,1,-23.95042446361537,-22.181066062896928,-14.042671964367392
ID_J3GNSGW4EM5S,34.29573995,70.36658904,0,-16.028570316608075,-15.629329099136024,-8.027534184630266
ID_MBTQ2UE1BPOL,34.23918434,70.29861094,1,-19.606298830729877,-19.93488376495805,-12.963546082767262
ID_TSJHODO5F07C,34.29258498,70.37183501,1,-21.995871135879177,-21.144718437880407,-13.476036313181481
ID_96J5XW6OWECO,34.28664526,70.36941253,1,-17.056646332660858,-18.240027457684732,-11.868318388232135
ID_ISQVJW9ATJQ3,34.2489507,70.31293549,1,-19.376991435278242,-19.456133273083868,-12.974887274447525
ID_IU71LWOGFPFR,34.28579703,70.3757329,1,-20.014932254017943,-17.88300635436916,-13.172399808804391
ID_2HCP6WLQIRQ6,34.08948823,70.69684896,0,-15.843962030734696,-17.710237336493794,-9.538834828645372
ID_ZHUCM7DVXYX5,34.08219851,70.70610503,0,-20.094513734286274,-16.80949456773057,-12.190725891291674
ID_GZIZMPT4FI0Q,34.16203701,70.76630245,1,-23.0687744542001,-21.23696146134943,-14.858159997505552
ID_NF3FVY8MP322,34.26905012,70.36065098,1,-20.818758265941817,-19.00063094227766,-13.71187170436998
ID_ZUBD7JBTTH59,34.23797395,70.29871054,0,-21.911357677127405,-23.23247202405036,-16.174708649779653
ID_TKKR9GB7POPT,34.07887041,70.6931875,0,-14.267182979719678,-15.915013540445353,-9.336302010053787
ID_1K25M2JRTT1Z,34.1529642,70.76213961,0,-17.966971341120033,-18.95303085434957,-10.69617519486544
ID_KYS0NKJWMYWM,34.2952054,70.39737316,1,-22.829800211587063,-22.476320525038055,-13.492607723280509
ID_4GKHHEF1BLUX,34.09045403,70.65787634,1,-19.375897738432627,-13.452649032885308,-9.276730052342643
ID_BCIXULACS2IB,34.17375887,70.77621761,1,-21.307918990184696,-22.589774624527386,-12.569002198088532
ID_TKOY18VGORC2,34.28399702,70.4261843,0,-18.100875412415878,-18.53370347091077,-10.895431354756951
ID_7VG3PXFS02IU,34.26039589,70.32613052,0,-19.673713874405642,-18.37560726343882,-13.22425762358744
ID_SLUY55H6RBZZ,34.10043777,70.69671309,0,-19.181169900422454,-18.070079171258897,-9.773344668971289
ID_QVFPH6UZNR5Q,34.08827172,70.66563535,0,-24.603039117422146,-24.558282674114707,-15.709928957746039
ID_FYMC4NTREXUJ,34.08781642,70.66196827,0,-21.50211246803732,-19.170046098578958,-13.073813167919187
ID_VXOZE3A9QFAJ,34.07865862,70.69594725,0,-14.551547895625756,-18.96062386901098,-8.636259425730609
ID_6DSBWW18KX0K,34.28655719,70.33148399,0,-11.594698245600433,-17.893932737865164,-9.518214202768519
ID_46ZXJKMEROXH,34.24684515,70.31812906,1,-17.19554785186067,-17.543923218160273,-6.645447976298472
ID_6FP2ZN7ORO3O,34.09115361,70.69572359,0,-17.021783012249692,-17.872952531665128,-9.219865867934548
ID_OOO2GTH1KB0X,34.11833033,70.75773264,1,-18.57882992523907,-20.216478926334425,-14.012191695544914
ID_VXTCXFC5EUII,34.1452918,70.75286085,0,-19.2910243519573,-18.539251643313253,-10.955245879859406
ID_ZCOC1XS3VNT8,34.23945879,70.31413011,1,-18.078783599266686,-19.5480749264293,-12.43710234375279
ID_S15FASZ530NV,34.26585958,70.3412345,1,-19.33293113557005,-22.89758168957585,-11.568619395044015
ID_WV4Y5CLCTAQG,34.28485291,70.40123883,1,-16.650899746068283,-15.86612507007059,-8.978320941747086
ID_Q039XZMWTLLN,34.25189983,70.31931124,1,-15.228476009909295,-20.229517621748897,-12.621094291524855
ID_PH0AW4AKR5V5,34.24033472,70.31057213,0,-16.74490925649458,-20.22943013219028,-10.407475200255933
ID_ZM1B4NEGKIUG,34.0967067,70.75666236,0,-12.44749628968848,-15.830102157589815,-7.69752309281494
ID_XET8K8AQW53C,34.27545538,70.33686483,0,-14.488430582411514,-15.34440030530333,-11.296819734035362
ID_DC2OH80ODACD,34.1436344,70.75657142,1,-13.978787777898617,-16.289564830080053,-8.6841220474819
ID_3B6XBYOCLBL1,34.26219107,70.33583929,1,-21.785431918785296,-17.141035801484684,-11.613240017499281
ID_NPOVYKZ1N4TH,34.30392685,70.42319188,1,-22.524876871733476,-22.197934216850182,-12.567061628016642
ID_N9S9JU7VVP7O,34.25991024,70.36064753,0,-16.93752926158285,-16.21496221126385,-9.271711154864583
ID_1KG93CLVR7GF,34.28244749,70.34010697,1,-18.16706752669625,-19.210749409254998,-12.93498829834236
ID_EP9DO700AJMA,34.304079,70.40108156,0,-18.06091276627882,-16.117496279449846,-9.340797416037054
ID_D7H1G66BWLYE,34.25149981,70.316454,1,-21.066115737583342,-19.599092241311567,-13.046061778489499
ID_TTNE1JCO97BU,34.24440531,70.32328183,1,-16.024892969550297,-17.64835986624508,-11.978031031073508
ID_KEFZXI71FIEF,34.13171976,70.74063794,0,-18.315788227748214,-17.534359637885878,-12.710332732986917
ID_RREZ3XT9684C,34.28766657,70.34536265,0,-17.65317959329485,-19.53476511823915,-10.337421206343809
ID_GIJ5OFONAW9L,34.29833329,70.42277352,0,-22.79703766804661,-23.616539404463595,-13.822242957398492
ID_VWI8PZPOCHR7,34.10334559,70.698514,0,-15.914355165372552,-15.809818487182287,-10.059312022248426
ID_GASLS22DTQVM,34.2552068,70.32341954,1,-22.87471743544453,-20.71158352341398,-14.624923679695142
ID_85B4MACWYFI8,34.28606546,70.34927337,0,-10.03650996412398,-14.880909204214287,-8.94243489167678
ID_4YCTD63SKOFH,34.08074805,70.70493269,0,-22.890873739232582,-21.944373449475997,-12.33599533943703
ID_PV42FZ758NCZ,34.09440642,70.69130387,1,-13.851066178175952,-17.274579653008562,-9.071724339356278
ID_1PA7YNFD8HVG,34.24578909,70.31966074,0,-19.93023309481019,-18.911938123331346,-11.64227855780184
ID_0YCR89AUZH4L,34.08094044,70.69287505,0,-17.676571964216812,-15.806011739691547,-9.171388673361268
ID_B3IOO12YSATL,34.28131254,70.40328543,1,-20.005607866193525,-22.30356002532896,-13.117383907522878
ID_IYMI33N8Y6TK,34.12121405,70.69519121,0,-18.128765167870494,-17.85748299965889,-10.678312814788095
ID_T2OB06WZ3ETL,34.24958156,70.31626609,1,-18.8927164217548,-17.222888180102977,-10.092861621317667
ID_RQYV03ZBXMHJ,34.30241818,70.40708979,1,-17.463168949295774,-18.66638397391244,-11.028879149600664
ID_E90BQI387WNG,34.2949046,70.40930376,0,-26.037934619150064,-27.499768123357804,-15.858042778803116
ID_UY65FYJ47JF4,34.29042973,70.40409015,1,-21.50415986419135,-22.59516209879355,-12.732069407955695
ID_GO3KFN2EVP8N,34.28486437,70.37251556,0,-22.44565025618903,-17.839361254985477,-13.240536761276235
ID_UWUHQ77WMSGE,34.30730164,70.41277834,0,-23.726027038834197,-22.309845782996426,-14.259861310842396
ID_XYCITS3H762L,34.30367618,70.40509654,1,-18.214872930720908,-19.798668534932162,-12.695369152658849
ID_H24XI1SSTEV2,34.28620796,70.33984125,1,-19.96512503384934,-17.504054668176416,-10.878604131807597
ID_X4Y7OMF3MXBP,34.2888197,70.36841226,1,-15.590411540888809,-16.727491351570396,-10.696012801259588
ID_NRKNRGRJSPKV,34.30439667,70.41346762,0,-18.305355277019242,-19.036127303476043,-12.214924539059115
ID_IV5MUQHNINQA,34.30525769,70.37235744,1,-24.22932278643749,-25.485726763531154,-17.625852414752977
ID_NOUB7DPHJWJ9,34.08299518,70.69157514,0,-21.333716667104532,-16.839166291028214,-12.540686556285557
ID_QI97BXXP8LR0,34.29251315,70.4188235,0,-24.53566024619402,-27.340154742409887,-15.205561005436858
ID_LJ9NSG4H9SO2,34.25954822,70.32174625,1,-18.71960977709815,-18.66074230645191,-12.560845630877898
ID_OADA1T8T45Z5,34.268653,70.34800566,0,-19.558630323148353,-20.55285938567628,-12.341084413526046
ID_YFQAG194QZVB,34.30929044,70.36840248,0,-27.197267505568867,-30.043715298564315,-19.49125163505748
ID_A5QZG0MSVNAF,34.26660058,70.3391134,0,-16.254407841370934,-17.52158898598308,-11.665225625145931
ID_5S8Z17JHZLRK,34.14301193,70.74752292,1,-19.2789177877805,-18.100711944422855,-12.258240420082064
ID_EJ315KRK6NXM,34.09201583,70.74973485,0,-17.29447576987235,-18.01937076315378,-8.664182488231368
ID_MG4VJHC1EBM3,34.07794681,70.70552781,1,-17.420273877906048,-16.93680686672166,-11.314876628355478
ID_ZFRFU0RKXHUX,34.25244077,70.3389708,1,-18.612326443374304,-19.632750498916792,-12.797135730087218
ID_FONQUINQ5BAM,34.28385825,70.38233505,0,-15.419351810542631,-17.358844167893285,-9.336187176573347
ID_KSO5G7NNLH34,34.23812961,70.31179929,1,-16.67350727450998,-16.978370623497064,-10.26543292931159
ID_7O1SFF84N7I0,34.25925461,70.3658257,1,-20.385527262867225,-18.984727859095603,-12.782244113661676
ID_QLEBSXLYHWD1,34.27412489,70.33708543,0,-16.51464250976634,-15.1519580123895,-8.020558294023617
ID_CCPIO5CN7U3E,34.30573171,70.41630948,1,-22.12698625875024,-24.94753470213584,-12.95535275976214
ID_01MH7OHC15AN,34.26655971,70.33675162,1,-22.272571349663956,-20.312732026761534,-13.1186038475001
ID_Q4Y79W2AUC6J,34.2657326,70.36394265,1,-18.872131065840943,-16.663867298212278,-10.820371475149406
ID_M7E264DYIP22,34.27938097,70.33846564,1,-17.006898295782847,-16.743961121414987,-11.56104558228891
ID_GYP2IJZXAXRK,34.24741423,70.30358005,0,-14.629629575769492,-15.743668906931706,-7.843905359812567
ID_HHFL535Z82AA,34.11012837,70.7022327,1,-17.306384837578552,-15.931724342867003,-9.575718312550542
ID_PN0EPOTPCRLE,34.25866903,70.34088348,1,-19.265005552254035,-16.614933022616253,-8.823557325197436
ID_5S5FHDZQQHV5,34.25533229,70.3105521,0,-16.116274246135184,-19.24483669636162,-10.906691923489133
ID_JR8874G9ZUES,34.26568386,70.33051637,1,-17.156597163566005,-18.930605874604044,-11.376747460206754
ID_TRQ2F7U4HHLT,34.27646159,70.33601853,1,-22.38475482167852,-19.3195765360986,-12.351993807222113
ID_M6NT8LSZ0120,34.29643452,70.37350249,1,-20.39913170725493,-19.10120699554208,-12.798135406917734
ID_KBDGFP8MKLVM,34.12562306,70.68805715,1,-19.943164608301117,-21.23455389312124,-13.057499141236187
ID_7ZZCM8D04TP8,34.11763149,70.68127499,0,-20.05396533006323,-20.099175229242398,-10.701815986727793
ID_L981DGI8400S,34.24625968,70.31155736,0,-18.29166619988529,-16.846494736651813,-10.271588609094948
ID_2WAN47I5WQ0P,34.28944207,70.34984107,0,-21.9657396512621,-23.900566073773525,-13.524177269529416
ID_KXLCJWLOXHE0,34.24997542,70.34991713,0,-18.417368146989556,-19.940505301798094,-12.589059176626321
ID_5A0JOVYJZAKT,34.12991578,70.7370495,1,-19.201593849271205,-19.032594976266562,-12.380927537729466
ID_0WMK63H88457,34.29924151,70.42139123,1,-18.887790424908655,-18.206715782635666,-11.718405564495217
ID_RVOQ3EVGT58Y,34.30105951,70.4037426,0,-19.016251138425282,-18.29964204794865,-11.933968592817713
ID_V0Y1KOE5MNVY,34.28460069,70.34469455,0,-15.306865691182221,-18.367575358813358,-9.32850179661637
ID_9DDRJ28SCN8I,34.28223837,70.34937022,1,-17.76903107155778,-17.470480813463723,-12.612982292397149
ID_FNR6KP30SSHQ,34.1202937,70.75627206,0,-20.201943781043706,-18.02274998233863,-12.748118907368116
ID_DJBWQ4GFXQRA,34.05435658,70.66970533,0,-17.535332000013625,-16.17016596986866,-10.219054908123356
ID_N60AFC1QQR31,34.30574085,70.40527078,0,-20.231780851584922,-21.445091578752777,-13.564674908589733
ID_W5CMM6P4RXDV,34.096775,70.69216198,1,-15.18263766696361,-14.272112627692383,-8.672243694862335
ID_PE4B20QK0ZDP,34.30124345,70.37382579,1,-18.13159226953177,-18.403161302305154,-12.757090652399942
ID_2VXU4NBD5TWX,34.25716891,70.34353523,0,-15.540034966397807,-15.427665665434642,-7.9410110691808296
ID_8EBFZ5WAZWH4,34.29131609,70.37576594,1,-22.018330017783686,-21.179762059029173,-12.963818399761427
ID_G5JNGDA7O1X9,34.09853641,70.69411261,0,-15.372444087223212,-18.697096071985094,-10.36287393501112
ID_H9FHLS4F3BDR,34.25840361,70.33316973,0,-18.76375879312297,-12.51723655837049,-6.279874523504411
ID_SQ16V9FN8K3J,34.09529551,70.68986869,0,-19.59088361136211,-11.76129498104348,-8.027356285290248
ID_VHUD37O4H0AH,34.07773888,70.69737133,0,-18.32604958407409,-20.886854107429652,-11.618288829462303
ID_Y7RGGURS18JG,34.26151147,70.33307128,1,-18.060153846901766,-21.078422892168355,-14.790987487524704
ID_OCP63SCASDU0,34.28329143,70.39827916,1,-18.538496354253134,-19.118078980866688,-12.061632765324921
ID_PN82JVHEA463,34.28576879,70.35203122,0,-23.079776772069096,-24.475896857867642,-16.355849241188462
ID_K6EN56EVULXA,34.29998779,70.37450279,1,-17.16023262175007,-16.333938094715457,-10.311578029064199
ID_VXLGHFTZVGGP,34.30631549,70.40148393,1,-18.549190095495103,-18.031149896314215,-10.80092271335712
ID_UYXD1W3SZMFL,34.28855396,70.41932122,1,-22.25692637284772,-23.250235482670902,-12.361285507844531
ID_48FJ3ZQDB723,34.29722264,70.40798036,1,-22.44047428090505,-21.593846313337483,-15.420111220034007
ID_EEJCD0N1H5YI,34.12677047,70.68859448,1,-23.137150041520286,-21.522617433965348,-14.195020231022966
ID_CGO5IEPIBIU4,34.26860635,70.34605236,1,-18.879353546406854,-19.167826810868355,-12.954680894810261
ID_XN5C0B9TYSN8,34.29490824,70.42481443,0,-28.351234887979682,-27.320275924112927,-17.35991442221477
ID_1KY0SWDI6PIV,34.30223492,70.37214306,0,-13.073773548060894,-19.75322541677964,-9.656571924544018
ID_HW0DS3OVVA2Y,34.31325318,70.38869315,1,-17.725210083119418,-17.155397345926975,-13.374403062206685
ID_FBEOSIBKNWAX,34.09452143,70.69565599,0,-15.141194732145218,-15.060890476688382,-8.620457811280065
ID_80DDZWSTUGVR,34.30954976,70.39995192,1,-18.595220466610225,-20.42980534751849,-13.793475616139443
ID_K16LMXISDLV9,34.11500136,70.76013447,0,-18.121411756422038,-16.923037526650127,-8.31007585501646
ID_GVODMSNR262R,34.30780915,70.36794058,1,-23.543489413916788,-25.46194515255869,-17.75068944189477
ID_9XEBJCBRRQHB,34.11878687,70.68671499,1,-16.373085490356765,-19.835786780104847,-9.496753643119765
ID_77K4R6C3BZ72,34.29666487,70.41118035,0,-24.964537719751107,-27.89027694275793,-13.1834807531787
ID_PHMAKK7V3OY8,34.13106024,70.7195626,1,-19.001519352725957,-19.026280546878123,-13.79322254164548
ID_AKUOJICFLAJK,34.28914312,70.39431405,1,-21.632239368877617,-20.097896549170105,-13.366661223510494
ID_RO1YUXZIFYR9,34.25045811,70.35377734,0,-19.381634301890657,-23.825191520395336,-14.278368568579298
ID_XAQYEV2ZN5RH,34.30708486,70.41515569,0,-17.632312926672903,-17.912858008884037,-10.729434784156684
ID_PLG7QDSYU8HA,34.26095207,70.34399796,1,-18.314995419106367,-19.717853959698033,-13.503659470023797
ID_I0KWH4KQS4R8,34.28725142,70.34846415,1,-18.432274849631558,-17.93773852119481,-13.254537936046008
ID_RQOG9MUJJH71,34.09088828,70.69100691,1,-18.83780434536252,-18.9632149381109,-11.78397902206778
ID_XWKXFUFU8PYF,34.26537883,70.35150556,0,-21.33077156392717,-18.102474497674002,-9.413779606843722
ID_LBZ54E55XMTL,34.15745063,70.75990976,0,-24.851719994643542,-21.491598122409563,-13.18863172687582
ID_7DIM0GS108XZ,34.23553311,70.30124238,0,-19.012132396168788,-18.80350139204929,-11.038041694953435
ID_VZ0Z0WWJVFE2,34.28841442,70.40994779,1,-21.865633492084566,-24.327769072610526,-11.957873891092898
ID_3N0M59Q60OSU,34.08259835,70.69018765,1,-18.582775399535077,-21.262960663081948,-12.733757210903821
ID_ASZ7T99DV8EV,34.13131784,70.74230659,1,-18.670286018700818,-18.875461441594865,-13.34807297411679
ID_BYVTGPQANTR3,34.24043143,70.30520355,1,-19.795597426068056,-20.177357458035903,-14.351108801105031
ID_0H6FNFV95OG2,34.11392894,70.75341134,0,-21.322701398328743,-21.260809830577266,-13.686085254864341
ID_ZKJACEXFLSSJ,34.29820059,70.40089778,1,-21.22454902718914,-22.450209044231265,-13.900870222150683
ID_9YEI06GPY8EK,34.2921241,70.38355321,1,-19.247914928243738,-17.87416956147259,-11.829492087554573
ID_6JY2YSDBIXSS,34.29140534,70.42471675,0,-24.70216802716208,-21.55020659793556,-12.774913925428628
ID_FT00M9Q97VLR,34.26557255,70.34828835,1,-19.801757470132575,-18.730013203801178,-12.699699172096803
ID_U3TNSMNOIIJ3,34.13081776,70.71673151,0,-18.267987400618203,-15.679866654708306,-12.629790183696013
ID_B8ITM4MJEZ9A,34.28789505,70.37867828,0,-14.527459213747395,-15.808630992927352,-9.70150423831998
ID_N2N7919E4372,34.29412337,70.42293973,0,-25.834986010785656,-26.191622218163978,-16.68381067656793
ID_88AF5E4JIHUP,34.06519433,70.67074112,0,-14.781920021071446,-14.992323703561274,-7.5926920189145575
ID_BGVTISGHQVMU,34.2804868,70.34633903,0,-16.62707761222665,-15.731521158011034,-9.667870573480794
ID_2P25AAS24IJ1,34.23677564,70.30152379,1,-16.354068235037506,-16.72675872047865,-10.388331301087009
ID_PTE432QB0M72,34.13135841,70.74344191,1,-19.129276268008887,-17.75216794418068,-12.138243240081653
ID_DYZRIN2H5KAG,34.28674469,70.434284,1,-19.281974555978383,-18.24298507934504,-9.470367822407649
ID_KW17PW9J5TAB,34.07587801,70.69784112,0,-17.481744453722612,-13.663344931315715,-8.922069047612462
ID_2KTYDGD6P5BW,34.10534786,70.68949898,0,-21.98191280717005,-19.566041015611667,-12.164191718877898
ID_HAOZJ6C5FNB6,34.1676975,70.77255364,1,-22.96540292239674,-22.085198797888914,-11.516955519602046
ID_ERWLWK9D5678,34.11664187,70.75818563,1,-19.136814388914026,-18.372219319204987,-11.941370534500523
ID_7XWP45CCFM39,34.05861683,70.6693716,0,-14.774423358253605,-16.368784381101946,-11.2772504153115
ID_F70QZPB0BDGG,34.24883027,70.34964801,0,-20.918583253551287,-18.61296791120187,-12.707139050364347
ID_18LR940OWEOE,34.28159194,70.33061916,0,-17.428141842685314,-15.630044400844628,-9.544101252842127
ID_5NQKJ9WR1RS2,34.08228167,70.68585676,0,-16.53804140638777,-18.83763579061604,-9.511958053191396
ID_9XACA2VNFYJT,34.28478525,70.38409709,0,-17.384105138519537,-15.909857810706223,-10.032327575915966
ID_ZU8UD16AKUZM,34.1432088,70.74402995,1,-19.96294429531421,-19.68363530402045,-12.269090425722974
ID_UK37JE58V30T,34.28193402,70.33782315,0,-18.537541030467246,-15.952651970091798,-10.954766730876049
ID_T8WG9TAQHY88,34.1154205,70.6861763,0,-19.295048969520163,-12.141606054370442,-8.00358765118165
ID_RS495JE5IBQ7,34.12679541,70.74065018,0,-16.543965417488728,-16.77348310303965,-9.865999588143378
ID_L3ZXW75QJY8B,34.28757449,70.37347174,0,-18.90281220081915,-16.191491106902657,-12.398280488722385
ID_7AYVQQ1PIBEB,34.28169647,70.41175873,1,-25.291711920629286,-26.256857373167104,-15.409179796790601
ID_L2F30CJAPDW4,34.29133978,70.43118706,0,-26.812220184782955,-28.028841371856164,-17.270714663863295
ID_7CUAJ6SSRG1L,34.25124802,70.3250837,1,-20.522170820324085,-19.921483646452888,-14.27414541733104
ID_V1IWIZG0N2K1,34.0837672,70.69794165,1,-21.171687904096036,-19.002702413247157,-12.79497633612399
ID_SVGW9URHRJSD,34.28283726,70.40589907,1,-19.215535489047987,-19.355475141985192,-11.301499115622892
ID_99LCIKEFYLHP,34.28516441,70.34342281,0,-18.636201811900165,-23.281860219746513,-11.938466214214518
ID_T0UVAS6BDB8T,34.27553552,70.33853211,1,-17.599025930470244,-18.55496940077962,-12.580880737844383
ID_FWJOERR1I1IU,34.29936817,70.41983757,1,-22.63083103245024,-23.229059978272453,-13.884543442011633
ID_UIZ65N2T7KHE,34.30361723,70.42551498,1,-23.977470666954996,-25.467475525961557,-11.372357166346273
ID_GOC5SSK9FRK2,34.24836078,70.35583442,1,-21.810494738271736,-23.769141243451365,-13.636230139526296
ID_2KJSFORYZGCL,34.31072195,70.38436696,0,-27.633683572956937,-26.88599698064573,-17.194159793181807
ID_18DOSENCGPQM,34.28657109,70.39413314,1,-23.215416521690816,-22.777012188111662,-14.321695045159823
ID_Z84C1J0TUV72,34.29707896,70.39840352,1,-24.631937810745622,-26.46385049058148,-12.825990200967556
ID_5V3VL9Y8JJL6,34.28846121,70.35090171,0,-21.046815598753263,-24.68867268403637,-16.865545167006335
ID_0FJ6IFJZX8KF,34.3034142,70.38485061,1,-16.80351540128893,-17.61288719763325,-11.397377920378187
ID_D4G2IJ8NUA89,34.30064177,70.37924097,1,-17.415882891708566,-18.175337748553382,-13.132603132039767
ID_0A5OTDK51WVN,34.28434548,70.33253432,0,-17.798363020119947,-19.504250794108867,-11.848569325252566
ID_H3YLMHBNFQEA,34.28224292,70.35411564,1,-16.84229059139314,-18.08579099136262,-10.387715490666825
ID_DDA69GI9ZA7X,34.30974432,70.38387406,0,-27.561619732078412,-29.902978575842333,-19.352477775253185
ID_W46F2B2MHMI0,34.28994706,70.33605886,1,-16.297945986068896,-17.23616960977459,-10.907685882784524
ID_VHFPX8RI14MB,34.29353948,70.41096629,0,-25.185206834513423,-24.623675260458075,-16.149736535839953
ID_HF7RUGDKWM4H,34.23622298,70.31320052,0,-12.212899942966565,-18.843764881431103,-13.448291468525202
ID_Y1SCK7Q9PMQ9,34.07542016,70.70855808,1,-13.701883995319344,-16.095966953297737,-9.839009116594045
ID_6BKX812TM633,34.1188121,70.68281708,1,-13.613408753700005,-16.19935908316048,-8.934857226188518
ID_LODST8KEVHK5,34.16140978,70.75681113,0,-19.358432942680746,-20.145223664813656,-11.617909067934649
ID_VD5FLFXSF3V4,34.25413235,70.34210586,0,-16.9485266770969,-18.788599305029102,-11.577128010257663
ID_T3WAJGS3B84X,34.29270196,70.40457807,0,-25.254688805481223,-23.750890813034466,-16.773541925607674
